"geohash","obs","tmin","tmax","days","lat","lng","lat_error","lng_error"
"sx8d2x0w6jp",1839,2018-05-30 12:00:00,2018-08-16 15:00:00,78.125,42.6225603371859,23.2258801907301,6.70552253723145e-07,6.70552253723145e-07
"sx8d2x0w6m9",2125,2018-02-10 11:00:00,2018-05-29 19:00:00,108.291666666667,42.6225630193949,23.2258828729391,6.70552253723145e-07,6.70552253723145e-07
"sx8d6w9rqzu",420,2018-03-09 03:00:00,2018-03-26 15:00:00,17.4583333333333,42.6200001686811,23.3150006085634,6.70552253723145e-07,6.70552253723145e-07
"sx8d6wdpqpv",3288,2018-03-26 15:00:00,2018-08-16 15:00:00,143,42.6200001686811,23.3159997314215,6.70552253723145e-07,6.70552253723145e-07
"sx8d6xtudev",4439,2017-09-06 23:00:00,2018-03-26 11:00:00,200.5,42.6249998062849,23.3209993690252,6.70552253723145e-07,6.70552253723145e-07
"sx8d6xv47qk",3214,2018-03-26 18:00:00,2018-08-16 15:00:00,142.875,42.6260002702475,23.3200002461672,6.70552253723145e-07,6.70552253723145e-07
"sx8d6z17phw",3247,2018-03-26 15:00:00,2018-08-16 15:00:00,143,42.6219997555017,23.3260003477335,6.70552253723145e-07,6.70552253723145e-07
"sx8d6z32zpn",1738,2017-12-24 01:00:00,2018-03-26 15:00:00,92.5416666666667,42.6230002194643,23.3260003477335,6.70552253723145e-07,6.70552253723145e-07
"sx8d6z45nkx",3963,2017-10-09 02:00:00,2018-03-26 15:00:00,168.541666666667,42.6219997555017,23.3269994705915,6.70552253723145e-07,6.70552253723145e-07
"sx8d6z4gju9",3306,2018-03-26 15:00:00,2018-08-16 15:00:00,143,42.6219997555017,23.3279999345541,6.70552253723145e-07,6.70552253723145e-07
"sx8d6zjg5h8",5782,2017-09-06 23:00:00,2018-07-10 10:00:00,306.458333333333,42.6219997555017,23.3320004492998,6.70552253723145e-07,6.70552253723145e-07
"sx8d6zrqc97",2567,2018-04-16 02:00:00,2018-08-16 15:00:00,122.541666666667,42.6239993423223,23.3340000361204,6.70552253723145e-07,6.70552253723145e-07
"sx8d7p0g0hw",2288,2018-03-26 15:00:00,2018-07-02 22:00:00,98.2916666666667,42.6219997555017,23.335999622941,6.70552253723145e-07,6.70552253723145e-07
"sx8d7p2bbpn",1122,2018-02-07 20:00:00,2018-03-26 14:00:00,46.7083333333333,42.6230002194643,23.335999622941,6.70552253723145e-07,6.70552253723145e-07
"sx8d7wdprry",3261,2018-03-26 15:00:00,2018-08-16 15:00:00,143,42.6200001686811,23.3600000292063,6.70552253723145e-07,6.70552253723145e-07
"sx8d7x5enh9",2058,2018-03-26 15:00:00,2018-06-23 23:00:00,89.3333333333333,42.6219997555017,23.3619996160269,6.70552253723145e-07,6.70552253723145e-07
"sx8d7x78yp1",147,2018-03-20 05:00:00,2018-03-26 14:00:00,6.33333333333333,42.6230002194643,23.3619996160269,6.70552253723145e-07,6.70552253723145e-07
"sx8d7xne5k8",1752,2017-09-11 23:00:00,2018-08-16 14:00:00,338.625,42.6219997555017,23.3660001307726,6.70552253723145e-07,6.70552253723145e-07
"sx8d7xyrk4c",58,2018-08-05 03:00:00,2018-08-13 02:00:00,7.95833333333333,42.6268398016691,23.3656903356314,6.70552253723145e-07,6.70552253723145e-07
"sx8d7yexqrg",153,2018-03-20 05:00:00,2018-03-26 15:00:00,6.375,42.6200001686811,23.372999355197,6.70552253723145e-07,6.70552253723145e-07
"sx8d7ysrmxv",2922,2018-03-26 15:00:00,2018-08-16 15:00:00,143,42.6200001686811,23.3739998191595,6.70552253723145e-07,6.70552253723145e-07
"sx8d7zxefnt",1581,2018-02-10 11:00:00,2018-05-29 19:00:00,108.291666666667,42.6248858124018,23.3783128112555,6.70552253723145e-07,6.70552253723145e-07
"sx8d7zxefp7",158,2018-05-30 12:00:00,2018-06-30 16:00:00,31.1666666666667,42.6248898357153,23.3783101290464,6.70552253723145e-07,6.70552253723145e-07
"sx8d7zz66yk",4463,2017-09-06 23:00:00,2018-03-17 14:00:00,191.666666666667,42.6260002702475,23.3780003339052,6.70552253723145e-07,6.70552253723145e-07
"sx8d8cv9zhe",4507,2018-02-09 00:00:00,2018-08-16 15:00:00,188.583333333333,42.6368913799524,23.2439421862364,6.70552253723145e-07,6.70552253723145e-07
"sx8d8cvevf7",961,2018-01-02 00:00:00,2018-02-11 00:00:00,40,42.6372226327658,23.2438885420561,6.70552253723145e-07,6.70552253723145e-07
"sx8d8ef4eek",3297,2018-03-26 15:00:00,2018-08-16 15:00:00,143,42.6479997485876,23.2280004769564,6.70552253723145e-07,6.70552253723145e-07
"sx8d8s4b6vv",3270,2017-11-10 01:00:00,2018-03-26 15:00:00,136.541666666667,42.6490002125502,23.2289995998144,6.70552253723145e-07,6.70552253723145e-07
"sx8d8trcnn9",2869,2018-04-01 13:00:00,2018-08-16 15:00:00,137.083333333333,42.6559994369745,23.2360001653433,6.70552253723145e-07,6.70552253723145e-07
"sx8d8xc6u2d",1246,2018-02-01 13:00:00,2018-03-26 14:00:00,53,42.6700005680323,23.2270000129938,6.70552253723145e-07,6.70552253723145e-07
"sx8d8xf4g8s",3296,2018-03-26 15:00:00,2018-08-16 15:00:00,143,42.6700005680323,23.2280004769564,6.70552253723145e-07,6.70552253723145e-07
"sx8d8xskcw1",4726,2017-09-06 23:00:00,2018-03-26 14:00:00,200.625,42.6690001040697,23.2310005277395,6.70552253723145e-07,6.70552253723145e-07
"sx8d8xv4bbd",2855,2018-03-26 15:00:00,2018-08-16 15:00:00,143,42.6700005680323,23.2319996505976,6.70552253723145e-07,6.70552253723145e-07
"sx8d8y58d83",969,2018-01-07 19:00:00,2018-03-24 11:00:00,75.6666666666667,42.6599999517202,23.240999802947,6.70552253723145e-07,6.70552253723145e-07
"sx8d8ydzg4p",3311,2018-03-26 15:00:00,2018-08-16 15:00:00,143,42.664000466466,23.2399993389845,6.70552253723145e-07,6.70552253723145e-07
"sx8d8ye71hz",23,2018-08-14 03:00:00,2018-08-15 02:00:00,0.958333333333333,42.663199827075,23.2406001538038,6.70552253723145e-07,6.70552253723145e-07
"sx8d8yexfd1",1171,2018-02-05 20:00:00,2018-03-26 15:00:00,48.75,42.664000466466,23.240999802947,6.70552253723145e-07,6.70552253723145e-07
"sx8d8yh29b7",1323,2018-03-26 19:00:00,2018-08-16 15:00:00,142.833333333333,42.6599999517202,23.2420002669096,6.70552253723145e-07,6.70552253723145e-07
"sx8d95zfwem",3134,2018-03-26 15:00:00,2018-08-16 15:00:00,143,42.6479997485876,23.2579996436834,6.70552253723145e-07,6.70552253723145e-07
"sx8d97bdtgr",278,2018-03-15 00:00:00,2018-03-26 14:00:00,11.5416666666667,42.6479997485876,23.259000107646,6.70552253723145e-07,6.70552253723145e-07
"sx8d97h763z",3295,2018-03-26 15:00:00,2018-08-16 15:00:00,143,42.6440005749464,23.2639997452497,6.70552253723145e-07,6.70552253723145e-07
"sx8d97m11u1",4757,2017-09-06 23:00:00,2018-03-26 15:00:00,200.666666666667,42.6449996978045,23.2650002092123,6.70552253723145e-07,6.70552253723145e-07
"sx8d9dbtqr3",2788,2017-11-11 02:00:00,2018-03-26 14:00:00,135.458333333333,42.6430001109838,23.2699998468161,6.70552253723145e-07,6.70552253723145e-07
"sx8d9e0eq3c",3121,2018-03-26 15:00:00,2018-08-16 15:00:00,143,42.6440005749464,23.2699998468161,6.70552253723145e-07,6.70552253723145e-07
"sx8d9e5e79b",3304,2018-03-26 15:00:00,2018-08-16 15:00:00,143,42.6440005749464,23.2740003615618,6.70552253723145e-07,6.70552253723145e-07
"sx8d9e795s0",1273,2018-02-01 13:00:00,2018-03-26 14:00:00,53,42.6449996978045,23.2740003615618,6.70552253723145e-07,6.70552253723145e-07
"sx8d9e8sy31",4663,2017-09-10 10:00:00,2018-03-26 15:00:00,197.208333333333,42.6470006257296,23.2699998468161,6.70552253723145e-07,6.70552253723145e-07
"sx8d9ebdw73",2707,2018-03-26 15:00:00,2018-07-23 21:00:00,119.25,42.6479997485876,23.2699998468161,6.70552253723145e-07,6.70552253723145e-07
"sx8d9ep34y3",2513,2018-02-10 11:00:00,2018-05-29 22:00:00,108.416666666667,42.6436384767294,23.2791193574667,6.70552253723145e-07,6.70552253723145e-07
"sx8d9ep34y9",1868,2018-05-30 12:00:00,2018-08-16 15:00:00,78.125,42.6436398178339,23.2791193574667,6.70552253723145e-07,6.70552253723145e-07
"sx8d9ffvkx2",829,2018-02-01 13:00:00,2018-03-26 15:00:00,53.0416666666667,42.6430001109838,23.2839996367693,6.70552253723145e-07,6.70552253723145e-07
"sx8d9g17mcv",3201,2018-03-26 15:00:00,2018-08-16 15:00:00,143,42.6440005749464,23.2820000499487,6.70552253723145e-07,6.70552253723145e-07
"sx8d9g29ns5",3770,2017-09-06 23:00:00,2018-03-26 14:00:00,200.625,42.6449996978045,23.2809995859861,6.70552253723145e-07,6.70552253723145e-07
"sx8d9g4gk9b",2801,2018-03-26 15:00:00,2018-08-16 15:00:00,143,42.6440005749464,23.2839996367693,6.70552253723145e-07,6.70552253723145e-07
"sx8d9gryzws",2182,2017-12-22 18:00:00,2018-03-26 14:00:00,93.7916666666667,42.646000161767,23.2910002022982,6.70552253723145e-07,6.70552253723145e-07
"sx8d9hgtdcg",2523,2018-03-26 15:00:00,2018-07-16 14:00:00,111.958333333333,42.6539998501539,23.2519995421171,6.70552253723145e-07,6.70552253723145e-07
"sx8d9humd1v",2399,2017-12-15 13:00:00,2018-03-26 14:00:00,101,42.6539998501539,23.2530000060797,6.70552253723145e-07,6.70552253723145e-07
"sx8d9kdzezk",1094,2018-02-01 13:00:00,2018-03-26 14:00:00,53,42.6529993861914,23.2620001584291,6.70552253723145e-07,6.70552253723145e-07
"sx8d9kfvecu",2385,2018-03-26 15:00:00,2018-08-16 15:00:00,143,42.6539998501539,23.2620001584291,6.70552253723145e-07,6.70552253723145e-07
"sx8d9m0nrr1",1178,2018-06-04 11:00:00,2018-08-16 15:00:00,73.1666666666667,42.6555300503969,23.2583697885275,6.70552253723145e-07,6.70552253723145e-07
"sx8d9m0nrrd",1439,2018-02-10 11:00:00,2018-05-10 15:00:00,89.125,42.6555327326059,23.258371129632,6.70552253723145e-07,6.70552253723145e-07
"sx8d9ntzbf0",3680,2017-10-23 16:00:00,2018-03-26 14:00:00,153.916666666667,42.664000466466,23.2549995929003,6.70552253723145e-07,6.70552253723145e-07
"sx8d9nwxb44",3303,2018-03-26 15:00:00,2018-08-16 15:00:00,143,42.664000466466,23.2560000568628,6.70552253723145e-07,6.70552253723145e-07
"sx8d9p6ph78",3013,2018-03-26 15:00:00,2018-08-16 15:00:00,143,42.6679996401072,23.2499999552965,6.70552253723145e-07,6.70552253723145e-07
"sx8d9p9kuyn",4783,2017-09-06 23:00:00,2018-03-26 14:00:00,200.625,42.6690001040697,23.248999491334,6.70552253723145e-07,6.70552253723145e-07
"sx8d9pzfy8t",3307,2018-03-26 15:00:00,2018-08-16 15:00:00,143,42.6700005680323,23.2579996436834,6.70552253723145e-07,6.70552253723145e-07
"sx8d9q4bebk",3243,2018-03-26 15:00:00,2018-08-16 15:00:00,143,42.6599999517202,23.2620001584291,6.70552253723145e-07,6.70552253723145e-07
"sx8d9q58e0q",1161,2018-02-05 20:00:00,2018-03-26 15:00:00,48.75,42.6599999517202,23.2630006223917,6.70552253723145e-07,6.70552253723145e-07
"sx8d9qx6nbk",12,2018-02-08 12:00:00,2018-02-08 23:00:00,0.458333333333333,42.6630040258169,23.2683087140322,6.70552253723145e-07,6.70552253723145e-07
"sx8d9rh76qz",3309,2018-03-26 15:00:00,2018-08-16 15:00:00,143,42.6660000532866,23.2639997452497,6.70552253723145e-07,6.70552253723145e-07
"sx8d9rk363r",3881,2017-10-15 02:00:00,2018-03-26 14:00:00,162.5,42.6670005172491,23.2639997452497,6.70552253723145e-07,6.70552253723145e-07
"sx8d9rz4z8w",3899,2018-02-17 02:00:00,2018-08-16 15:00:00,180.5,42.6700005680323,23.2680002599955,6.70552253723145e-07,6.70552253723145e-07
"sx8d9rz994z",4507,2018-02-09 00:00:00,2018-08-16 15:00:00,188.583333333333,42.6697980612516,23.2684092968702,6.70552253723145e-07,6.70552253723145e-07
"sx8d9rzfybx",2742,2017-11-24 00:00:00,2018-03-26 14:00:00,122.541666666667,42.6700005680323,23.2689993828535,6.70552253723145e-07,6.70552253723145e-07
"sx8d9tthf5e",4380,2017-12-09 01:00:00,2018-08-16 15:00:00,250.541666666667,42.6580003648996,23.2759999483824,6.70552253723145e-07,6.70552253723145e-07
"sx8d9tv4djg",1003,2018-02-01 17:00:00,2018-03-26 15:00:00,52.875,42.6589994877577,23.2759999483824,6.70552253723145e-07,6.70552253723145e-07
"sx8d9w58e82",7822,2017-09-08 01:00:00,2018-08-16 15:00:00,342.583333333333,42.6599999517202,23.2740003615618,6.70552253723145e-07,6.70552253723145e-07
"sx8d9wdcupw",4787,2017-09-06 23:00:00,2018-03-26 14:00:00,200.625,42.6630000025034,23.2729998975992,6.70552253723145e-07,6.70552253723145e-07
"sx8d9wexgd0",3308,2018-03-26 15:00:00,2018-08-16 15:00:00,143,42.664000466466,23.2740003615618,6.70552253723145e-07,6.70552253723145e-07
"sx8d9wj0d07",2950,2018-03-26 15:00:00,2018-08-11 16:00:00,138.041666666667,42.6599999517202,23.2759999483824,6.70552253723145e-07,6.70552253723145e-07
"sx8d9wjy36v",3949,2017-10-03 22:00:00,2018-03-26 14:00:00,173.666666666667,42.6610004156828,23.2770004123449,6.70552253723145e-07,6.70552253723145e-07
"sx8d9wwxbdn",3779,2018-03-26 15:00:00,2018-08-16 15:00:00,143,42.664000466466,23.277999535203,6.70552253723145e-07,6.70552253723145e-07
"sx8d9wyt8sq",5168,2017-09-06 23:00:00,2018-03-26 14:00:00,200.625,42.664999589324,23.277999535203,6.70552253723145e-07,6.70552253723145e-07
"sx8d9xbdy29",2833,2018-03-26 15:00:00,2018-08-16 15:00:00,143,42.6700005680323,23.2699998468161,6.70552253723145e-07,6.70552253723145e-07
"sx8d9xgdg88",1640,2018-03-26 15:00:00,2018-06-23 11:00:00,88.8333333333333,42.6700005680323,23.2740003615618,6.70552253723145e-07,6.70552253723145e-07
"sx8d9xskfy1",492,2018-03-05 17:00:00,2018-03-26 15:00:00,20.875,42.6690001040697,23.2749994844198,6.70552253723145e-07,6.70552253723145e-07
"sx8d9ydzud0",7099,2017-10-06 23:00:00,2018-08-16 15:00:00,313.666666666667,42.664000466466,23.2839996367693,6.70552253723145e-07,6.70552253723145e-07
"sx8d9ymu1tp",3045,2018-03-26 16:00:00,2018-08-16 15:00:00,142.958333333333,42.6619995385408,23.288000151515,6.70552253723145e-07,6.70552253723145e-07
"sx8d9yqs1j1",4475,2017-09-06 23:00:00,2018-03-26 15:00:00,200.666666666667,42.6619995385408,23.2890006154776,6.70552253723145e-07,6.70552253723145e-07
"sx8d9z4gkwb",9643,2017-09-06 23:00:00,2018-08-16 15:00:00,343.666666666667,42.6660000532866,23.2839996367693,6.70552253723145e-07,6.70552253723145e-07
"sx8d9zedkpc",268,2018-07-30 19:00:00,2018-08-16 15:00:00,16.8333333333333,42.6685803383589,23.2850094884634,6.70552253723145e-07,6.70552253723145e-07
"sx8d9zffu88",6612,2017-11-03 23:00:00,2018-08-16 15:00:00,285.625,42.6700005680323,23.2839996367693,6.70552253723145e-07,6.70552253723145e-07
"sx8d9zqx159",4348,2017-09-06 23:00:00,2018-03-26 14:00:00,200.625,42.6679996401072,23.2890006154776,6.70552253723145e-07,6.70552253723145e-07
"sx8d9zrr07d",3130,2018-03-26 15:00:00,2018-08-16 15:00:00,143,42.6679996401072,23.2899997383356,6.70552253723145e-07,6.70552253723145e-07
"sx8db85w6jr",3587,2018-03-13 00:00:00,2018-08-16 15:00:00,156.583333333333,42.6720001548529,23.230000063777,6.70552253723145e-07,6.70552253723145e-07
"sx8dbbdzghx",4799,2017-09-06 23:00:00,2018-03-26 14:00:00,200.625,42.675000205636,23.2399993389845,6.70552253723145e-07,6.70552253723145e-07
"sx8dbbfvepp",3311,2018-03-26 15:00:00,2018-08-16 15:00:00,143,42.6760006695986,23.2399993389845,6.70552253723145e-07,6.70552253723145e-07
"sx8dbcmc27y",2781,2018-03-26 15:00:00,2018-08-15 09:00:00,141.75,42.6780002564192,23.2439998537302,6.70552253723145e-07,6.70552253723145e-07
"sx8dbcqrpy0",1234,2018-02-01 13:00:00,2018-03-26 15:00:00,53.0416666666667,42.6789993792772,23.2450003176928,6.70552253723145e-07,6.70552253723145e-07
"sx8dbfed4s9",1005,2018-02-12 17:00:00,2018-03-26 14:00:00,41.8333333333333,42.6849994808435,23.240999802947,6.70552253723145e-07,6.70552253723145e-07
"sx8dbfrhr43",2942,2018-03-26 23:00:00,2018-08-16 15:00:00,142.666666666667,42.6840003579855,23.2459994405508,6.70552253723145e-07,6.70552253723145e-07
"sx8dbfsrcz5",2537,2018-03-26 15:00:00,2018-08-16 15:00:00,143,42.6859999448061,23.2420002669096,6.70552253723145e-07,6.70552253723145e-07
"sx8dbft41hs",412,2018-03-09 05:00:00,2018-03-26 14:00:00,17.3333333333333,42.6849994808435,23.2429993897676,6.70552253723145e-07,6.70552253723145e-07
"sx8dbftzbrn",2955,2018-03-26 15:00:00,2018-08-16 15:00:00,143,42.6859999448061,23.2439998537302,6.70552253723145e-07,6.70552253723145e-07
"sx8dbsfjgsh",4041,2018-02-21 20:00:00,2018-08-16 15:00:00,175.75,42.6980001479387,23.2280004769564,6.70552253723145e-07,6.70552253723145e-07
"sx8dbzvg06w",2653,2018-03-26 15:00:00,2018-08-16 15:00:00,143,42.7139995247126,23.2439998537302,6.70552253723145e-07,6.70552253723145e-07
"sx8dc0nw2j6",1574,2018-06-03 00:00:00,2018-08-15 20:00:00,73.8333333333333,42.6720001548529,23.2560000568628,6.70552253723145e-07,6.70552253723145e-07
"sx8dc0pbwdv",4761,2017-09-06 23:00:00,2018-03-26 14:00:00,200.625,42.6709996908903,23.2579996436834,6.70552253723145e-07,6.70552253723145e-07
"sx8dc0vj9rp",3258,2018-03-26 15:00:00,2018-08-16 15:00:00,143,42.6760006695986,23.2540004700422,6.70552253723145e-07,6.70552253723145e-07
"sx8dc0vv8z0",4479,2017-09-06 23:00:00,2018-03-26 14:00:00,200.625,42.6760006695986,23.2549995929003,6.70552253723145e-07,6.70552253723145e-07
"sx8dc0wd044",3044,2018-03-26 15:00:00,2018-08-16 15:00:00,143,42.6739997416735,23.2560000568628,6.70552253723145e-07,6.70552253723145e-07
"sx8dc0wxbhd",3395,2017-11-02 00:00:00,2018-03-26 14:00:00,144.541666666667,42.675000205636,23.2560000568628,6.70552253723145e-07,6.70552253723145e-07
"sx8dc1m137z",7731,2017-09-06 23:00:00,2018-08-16 15:00:00,343.666666666667,42.6780002564192,23.2540004700422,6.70552253723145e-07,6.70552253723145e-07
"sx8dc296j61",2189,2018-05-14 20:00:00,2018-08-16 15:00:00,93.7916666666667,42.6739997416735,23.2600005716085,6.70552253723145e-07,6.70552253723145e-07
"sx8dc2tpcu9",3553,2017-10-07 00:00:00,2018-03-26 14:00:00,170.583333333333,42.675000205636,23.2650002092123,6.70552253723145e-07,6.70552253723145e-07
"sx8dc2umdrp",4206,2018-03-26 15:00:00,2018-08-16 15:00:00,143,42.6760006695986,23.2639997452497,6.70552253723145e-07,6.70552253723145e-07
"sx8dc2vj9z1",338,2018-03-12 12:00:00,2018-03-26 14:00:00,14.0416666666667,42.6760006695986,23.2650002092123,6.70552253723145e-07,6.70552253723145e-07
"sx8dc2vv9p4",3311,2018-03-26 15:00:00,2018-08-16 15:00:00,143,42.6760006695986,23.2659993320704,6.70552253723145e-07,6.70552253723145e-07
"sx8dc2zjxxn",1136,2018-04-03 10:00:00,2018-08-16 15:00:00,135.208333333333,42.6760006695986,23.2680002599955,6.70552253723145e-07,6.70552253723145e-07
"sx8dc39mj29",2557,2018-04-29 04:00:00,2018-08-16 15:00:00,109.458333333333,42.6799998432398,23.2600005716085,6.70552253723145e-07,6.70552253723145e-07
"sx8dc3dv5bs",1,2018-06-12 19:00:00,2018-06-12 19:00:00,0,42.6799998432398,23.2620001584291,6.70552253723145e-07,6.70552253723145e-07
"sx8dc3vfc54",1187,2018-02-01 18:00:00,2018-03-24 02:00:00,50.3333333333333,42.6810003072023,23.2659993320704,6.70552253723145e-07,6.70552253723145e-07
"sx8dc47s6f7",3293,2018-03-20 05:00:00,2018-08-16 15:00:00,149.375,42.6840003579855,23.2519995421171,6.70552253723145e-07,6.70552253723145e-07
"sx8dc4dzgx4",4241,2017-09-06 23:00:00,2018-03-26 14:00:00,200.625,42.6859999448061,23.2510004192591,6.70552253723145e-07,6.70552253723145e-07
"sx8dc4exfz5",3298,2018-03-26 15:00:00,2018-08-16 15:00:00,143,42.6859999448061,23.2519995421171,6.70552253723145e-07,6.70552253723145e-07
"sx8dc63km63",4814,2018-04-14 15:00:00,2018-08-16 15:00:00,124,42.6840003579855,23.2600005716085,6.70552253723145e-07,6.70552253723145e-07
"sx8dc6jb9j6",21,2018-03-26 20:00:00,2018-03-27 16:00:00,0.833333333333333,42.6819994300604,23.2659993320704,6.70552253723145e-07,6.70552253723145e-07
"sx8dc733mq3",3748,2017-10-20 00:00:00,2018-03-26 14:00:00,157.583333333333,42.6889999955893,23.2600005716085,6.70552253723145e-07,6.70552253723145e-07
"sx8dc73rm2c",2916,2018-03-26 15:00:00,2018-08-16 15:00:00,143,42.6900004595518,23.2600005716085,6.70552253723145e-07,6.70552253723145e-07
"sx8dc74gegu",1,2018-07-26 21:00:00,2018-07-26 21:00:00,0,42.6879995316267,23.2620001584291,6.70552253723145e-07,6.70552253723145e-07
"sx8dc7m13y3",3238,2017-10-21 22:00:00,2018-03-26 15:00:00,155.708333333333,42.6889999955893,23.2650002092123,6.70552253723145e-07,6.70552253723145e-07
"sx8dc7mz30f",3146,2018-03-26 15:00:00,2018-08-16 13:00:00,142.916666666667,42.6900004595518,23.2659993320704,6.70552253723145e-07,6.70552253723145e-07
"sx8dc9c6ve5",1869,2018-01-05 17:00:00,2018-03-26 14:00:00,79.8333333333333,42.6810003072023,23.2710003107786,6.70552253723145e-07,6.70552253723145e-07
"sx8dc9j5d17",2020,2017-12-28 22:00:00,2018-03-26 15:00:00,87.6666666666667,42.6769997924566,23.2759999483824,6.70552253723145e-07,6.70552253723145e-07
"sx8dc9m165g",1575,2018-03-26 15:00:00,2018-06-18 19:00:00,84.1666666666667,42.6780002564192,23.2759999483824,6.70552253723145e-07,6.70552253723145e-07
"sx8dcb2snxg",3809,2017-10-17 16:00:00,2018-03-26 14:00:00,159.916666666667,42.6730006188154,23.2809995859861,6.70552253723145e-07,6.70552253723145e-07
"sx8dcb96jfj",3309,2018-03-26 15:00:00,2018-08-16 15:00:00,143,42.6739997416735,23.2820000499487,6.70552253723145e-07,6.70552253723145e-07
"sx8dcbd12m7",912,2018-01-02 00:00:00,2018-02-08 23:00:00,37.9583333333333,42.6738884299994,23.2827913016081,6.70552253723145e-07,6.70552253723145e-07
"sx8dcbdfhd0",454,2018-07-02 20:00:00,2018-08-16 15:00:00,44.7916666666667,42.6739997416735,23.2839996367693,6.70552253723145e-07,6.70552253723145e-07
"sx8dcbfvsx0",1409,2018-04-04 16:00:00,2018-06-02 21:00:00,59.2083333333333,42.6760006695986,23.2839996367693,6.70552253723145e-07,6.70552253723145e-07
"sx8dcbjy3tr",7865,2017-09-06 23:00:00,2018-08-16 15:00:00,343.666666666667,42.6720001548529,23.288000151515,6.70552253723145e-07,6.70552253723145e-07
"sx8dcbwd141",406,2018-03-09 16:00:00,2018-03-26 14:00:00,16.875,42.6739997416735,23.2890006154776,6.70552253723145e-07,6.70552253723145e-07
"sx8dcbx6064",3311,2018-03-26 15:00:00,2018-08-16 15:00:00,143,42.6739997416735,23.2899997383356,6.70552253723145e-07,6.70552253723145e-07
"sx8dccpgx9k",4203,2017-09-06 23:00:00,2018-03-17 20:00:00,191.916666666667,42.6769997924566,23.2910002022982,6.70552253723145e-07,6.70552253723145e-07
"sx8dcctj42t",828,2018-02-19 23:00:00,2018-03-26 14:00:00,34.5833333333333,42.6799998432398,23.2869996875525,6.70552253723145e-07,6.70552253723145e-07
"sx8dcctv18x",6103,2018-03-26 15:00:00,2018-08-16 15:00:00,143,42.6799998432398,23.288000151515,6.70552253723145e-07,6.70552253723145e-07
"sx8dccvfcep",4719,2017-09-06 23:00:00,2018-03-26 14:00:00,200.625,42.6810003072023,23.288000151515,6.70552253723145e-07,6.70552253723145e-07
"sx8dccxm02d",3154,2018-03-26 15:00:00,2018-08-16 15:00:00,143,42.6799998432398,23.2899997383356,6.70552253723145e-07,6.70552253723145e-07
"sx8dccydc51",2411,2017-12-07 00:00:00,2018-03-26 15:00:00,109.583333333333,42.6810003072023,23.2890006154776,6.70552253723145e-07,6.70552253723145e-07
"sx8dcd40svk",2913,2018-03-26 15:00:00,2018-08-16 15:00:00,143,42.6819994300604,23.2719994336367,6.70552253723145e-07,6.70552253723145e-07
"sx8dcd8xyr1",2366,2018-03-30 11:00:00,2018-08-16 15:00:00,139.166666666667,42.6859999448061,23.2699998468161,6.70552253723145e-07,6.70552253723145e-07
"sx8dcd9rvx5",2401,2017-12-07 23:00:00,2018-03-25 12:00:00,107.5,42.6859999448061,23.2710003107786,6.70552253723145e-07,6.70552253723145e-07
"sx8dceydbtw",3303,2018-03-26 15:00:00,2018-08-16 15:00:00,143,42.6920000463724,23.277999535203,6.70552253723145e-07,6.70552253723145e-07
"sx8dcfjy3xz",445,2018-03-06 00:00:00,2018-03-26 14:00:00,20.5416666666667,42.6829998940229,23.288000151515,6.70552253723145e-07,6.70552253723145e-07
"sx8dcfmu3dr",3045,2018-03-26 15:00:00,2018-08-16 15:00:00,143,42.6840003579855,23.288000151515,6.70552253723145e-07,6.70552253723145e-07
"sx8dcgffut8",3309,2018-03-26 15:00:00,2018-08-16 15:00:00,143,42.6920000463724,23.2839996367693,6.70552253723145e-07,6.70552253723145e-07
"sx8dcp5h7qv",237,2018-02-10 11:00:00,2018-05-29 22:00:00,108.416666666667,42.7101170271635,23.2513370364904,6.70552253723145e-07,6.70552253723145e-07
"sx8dcp5h7rr",1380,2018-05-30 12:00:00,2018-08-16 15:00:00,78.125,42.7101197093725,23.2513397186995,6.70552253723145e-07,6.70552253723145e-07
"sx8dcrsm62r",4797,2017-09-06 23:00:00,2018-03-26 15:00:00,200.666666666667,42.7130004018545,23.2639997452497,6.70552253723145e-07,6.70552253723145e-07
"sx8dcru746x",294,2018-03-26 15:00:00,2018-04-10 00:00:00,14.375,42.7139995247126,23.2639997452497,6.70552253723145e-07,6.70552253723145e-07
"sx8dcsjy96m",3765,2017-10-20 00:00:00,2018-03-26 14:00:00,157.583333333333,42.693999633193,23.2770004123449,6.70552253723145e-07,6.70552253723145e-07
"sx8dcsn8b8n",4059,2017-10-06 23:00:00,2018-03-26 14:00:00,170.625,42.693000510335,23.277999535203,6.70552253723145e-07,6.70552253723145e-07
"sx8dcsnw8dq",3304,2018-03-26 15:00:00,2018-08-16 15:00:00,143,42.693999633193,23.277999535203,6.70552253723145e-07,6.70552253723145e-07
"sx8dcsxfpr6",2776,2018-03-26 15:00:00,2018-08-16 15:00:00,143,42.6960005611181,23.2800004631281,6.70552253723145e-07,6.70552253723145e-07
"sx8dctq988y",2555,2018-04-29 04:00:00,2018-08-16 15:00:00,109.458333333333,42.6999997347593,23.277999535203,6.70552253723145e-07,6.70552253723145e-07
"sx8dctwt0ty",3177,2018-03-26 15:00:00,2018-08-16 15:00:00,143,42.7020006626844,23.277999535203,6.70552253723145e-07,6.70552253723145e-07
"sx8dctye08n",3471,2017-10-29 23:00:00,2018-03-26 15:00:00,147.625,42.7029997855425,23.277999535203,6.70552253723145e-07,6.70552253723145e-07
"sx8dcu1qtfm",3311,2018-03-26 15:00:00,2018-08-16 15:00:00,143,42.693999633193,23.2820000499487,6.70552253723145e-07,6.70552253723145e-07
"sx8dcu2sqsg",3495,2017-10-10 10:00:00,2018-03-26 14:00:00,167.166666666667,42.6950000971556,23.2809995859861,6.70552253723145e-07,6.70552253723145e-07
"sx8dcu3kmuv",3743,2017-10-21 02:00:00,2018-03-26 14:00:00,156.5,42.6950000971556,23.2820000499487,6.70552253723145e-07,6.70552253723145e-07
"sx8dcu4bu80",3692,2017-10-23 00:00:00,2018-03-26 14:00:00,154.583333333333,42.693000510335,23.2839996367693,6.70552253723145e-07,6.70552253723145e-07
"sx8dcunw943",3914,2017-10-09 01:00:00,2018-03-26 14:00:00,168.541666666667,42.693999633193,23.2890006154776,6.70552253723145e-07,6.70552253723145e-07
"sx8dcupq866",2962,2018-03-26 15:00:00,2018-08-03 20:00:00,130.208333333333,42.693999633193,23.2899997383356,6.70552253723145e-07,6.70552253723145e-07
"sx8dcuzvzsh",4729,2017-09-06 23:00:00,2018-03-26 14:00:00,200.625,42.6980001479387,23.2910002022982,6.70552253723145e-07,6.70552253723145e-07
"sx8dcv9mjvv",3144,2018-04-04 18:00:00,2018-08-16 15:00:00,133.875,42.7020006626844,23.2820000499487,6.70552253723145e-07,6.70552253723145e-07
"sx8dcwtf33v",592,2018-02-01 18:00:00,2018-03-25 22:00:00,52.125,42.7070003002882,23.2770004123449,6.70552253723145e-07,6.70552253723145e-07
"sx8dcwy80sn",1043,2018-03-26 18:00:00,2018-08-16 07:00:00,142.541666666667,42.7079994231462,23.277999535203,6.70552253723145e-07,6.70552253723145e-07
"sx8dcx6pkvu",2983,2018-03-26 15:00:00,2018-08-16 15:00:00,143,42.711999937892,23.2719994336367,6.70552253723145e-07,6.70552253723145e-07
"sx8dcx9mm87",292,2018-03-14 10:00:00,2018-03-26 14:00:00,12.125,42.7130004018545,23.2710003107786,6.70552253723145e-07,6.70552253723145e-07
"sx8dcyc2juj",3287,2018-03-26 15:00:00,2018-08-16 15:00:00,143,42.7079994231462,23.2820000499487,6.70552253723145e-07,6.70552253723145e-07
"sx8dcyf0jhp",4744,2017-09-06 23:00:00,2018-03-26 14:00:00,200.625,42.7079994231462,23.2830005139112,6.70552253723145e-07,6.70552253723145e-07
"sx8dcytf39z",3753,2017-10-19 16:00:00,2018-03-26 14:00:00,157.916666666667,42.7070003002882,23.288000151515,6.70552253723145e-07,6.70552253723145e-07
"sx8dcyvb1sp",3302,2018-03-26 15:00:00,2018-08-16 15:00:00,143,42.7079994231462,23.288000151515,6.70552253723145e-07,6.70552253723145e-07
"sx8dd0nw175",3081,2018-03-26 15:00:00,2018-08-16 15:00:00,143,42.6279998570681,23.3000003546476,6.70552253723145e-07,6.70552253723145e-07
"sx8dd0r7bts",4751,2017-09-06 23:00:00,2018-03-26 14:00:00,200.625,42.6290003210306,23.3009994775057,6.70552253723145e-07,6.70552253723145e-07
"sx8dd0vj6sz",2389,2018-05-06 00:00:00,2018-08-16 15:00:00,102.625,42.6320003718138,23.2979994267225,6.70552253723145e-07,6.70552253723145e-07
"sx8dd1h75rn",4187,2017-09-11 19:00:00,2018-03-26 14:00:00,195.791666666667,42.6329994946718,23.2970003038645,6.70552253723145e-07,6.70552253723145e-07
"sx8dd1m149x",3300,2018-03-26 15:00:00,2018-08-16 15:00:00,143,42.6339999586344,23.2979994267225,6.70552253723145e-07,6.70552253723145e-07
"sx8dd52wyyw",3016,2018-03-26 15:00:00,2018-08-16 15:00:00,143,42.646000161767,23.2920006662607,6.70552253723145e-07,6.70552253723145e-07
"sx8dd6mu425",5441,2017-09-06 23:00:00,2018-08-16 15:00:00,343.666666666667,42.6400000602007,23.3099996298552,6.70552253723145e-07,6.70552253723145e-07
"sx8ddcvfe0b",4221,2017-09-06 23:00:00,2018-03-26 14:00:00,200.625,42.6370000094175,23.3320004492998,6.70552253723145e-07,6.70552253723145e-07
"sx8ddebdxe6",2785,2018-03-26 15:00:00,2018-08-07 08:00:00,133.708333333333,42.6479997485876,23.3140001446009,6.70552253723145e-07,6.70552253723145e-07
"sx8ddfjb752",3308,2018-03-26 15:00:00,2018-08-16 15:00:00,143,42.6380004733801,23.3320004492998,6.70552253723145e-07,6.70552253723145e-07
"sx8ddgmygn8",4539,2018-02-01 13:00:00,2018-08-16 15:00:00,196.041666666667,42.646000161767,23.3320004492998,6.70552253723145e-07,6.70552253723145e-07
"sx8ddhgts1u",3082,2018-03-26 15:00:00,2018-08-16 15:00:00,143,42.6539998501539,23.2959998399019,6.70552253723145e-07,6.70552253723145e-07
"sx8ddj29nyw",3968,2018-02-08 01:00:00,2018-08-16 15:00:00,189.541666666667,42.6559994369745,23.2920006662607,6.70552253723145e-07,6.70552253723145e-07
"sx8ddjh77kq",3920,2017-10-03 19:00:00,2018-03-26 14:00:00,173.791666666667,42.6550003141165,23.2970003038645,6.70552253723145e-07,6.70552253723145e-07
"sx8ddjq91qe",2796,2018-03-26 15:00:00,2018-08-16 15:00:00,143,42.6559994369745,23.3000003546476,6.70552253723145e-07,6.70552253723145e-07
"sx8ddjr30ws",4272,2017-09-28 15:00:00,2018-03-26 14:00:00,178.958333333333,42.6559994369745,23.3009994775057,6.70552253723145e-07,6.70552253723145e-07
"sx8ddjthfex",6299,2018-03-26 15:00:00,2018-08-16 15:00:00,143,42.6580003648996,23.2979994267225,6.70552253723145e-07,6.70552253723145e-07
"sx8ddjv4dtz",2346,2017-12-18 14:00:00,2018-03-26 14:00:00,97.9583333333333,42.6589994877577,23.2979994267225,6.70552253723145e-07,6.70552253723145e-07
"sx8ddmr30yx",6000,2017-11-19 02:00:00,2018-08-16 15:00:00,270.5,42.6559994369745,23.3120005577803,6.70552253723145e-07,6.70552253723145e-07
"sx8ddncmwhr",4799,2017-09-06 23:00:00,2018-03-26 14:00:00,200.625,42.664999589324,23.2929997891188,6.70552253723145e-07,6.70552253723145e-07
"sx8ddnvvdh3",126,2018-03-20 05:00:00,2018-03-26 14:00:00,6.33333333333333,42.664999589324,23.2989998906851,6.70552253723145e-07,6.70552253723145e-07
"sx8ddp0eqyy",2320,2018-03-26 15:00:00,2018-07-21 06:00:00,116.625,42.6660000532866,23.2920006662607,6.70552253723145e-07,6.70552253723145e-07
"sx8ddp5eknu",1754,2018-04-29 04:00:00,2018-08-16 15:00:00,109.458333333333,42.6660000532866,23.2959998399019,6.70552253723145e-07,6.70552253723145e-07
"sx8ddpj56wz",3170,2018-03-26 15:00:00,2018-08-16 15:00:00,143,42.6660000532866,23.2979994267225,6.70552253723145e-07,6.70552253723145e-07
"sx8ddqe9urw",3694,2017-10-19 16:00:00,2018-03-26 15:00:00,157.958333333333,42.6630000025034,23.306999579072,6.70552253723145e-07,6.70552253723145e-07
"sx8ddqsrgf0",3116,2018-03-26 15:00:00,2018-08-16 15:00:00,143,42.664000466466,23.3080000430346,6.70552253723145e-07,6.70552253723145e-07
"sx8ddrrr0gx",3145,2018-03-26 15:00:00,2018-08-16 15:00:00,143,42.6679996401072,23.3120005577803,6.70552253723145e-07,6.70552253723145e-07
"sx8dds08rtf",2504,2017-12-11 00:00:00,2018-03-26 14:00:00,105.541666666667,42.6490002125502,23.3140001446009,6.70552253723145e-07,6.70552253723145e-07
"sx8dds89zt4",1805,2018-05-30 17:00:00,2018-08-16 15:00:00,77.9166666666667,42.6520002633333,23.3140001446009,6.70552253723145e-07,6.70552253723145e-07
"sx8ddsfjw1v",7797,2017-09-06 23:00:00,2018-08-16 15:00:00,343.666666666667,42.6539998501539,23.3159997314215,6.70552253723145e-07,6.70552253723145e-07
"sx8ddtf4wjv",2935,2017-11-24 01:00:00,2018-03-26 14:00:00,122.5,42.6589994877577,23.3159997314215,6.70552253723145e-07,6.70552253723145e-07
"sx8dduhqk2h",3279,2018-03-26 15:00:00,2018-08-16 15:00:00,143,42.6499993354082,23.3299995213747,6.70552253723145e-07,6.70552253723145e-07
"sx8ddukkh6s",2853,2017-11-27 01:00:00,2018-03-26 14:00:00,119.5,42.6509997993708,23.3299995213747,6.70552253723145e-07,6.70552253723145e-07
"sx8ddutcgj0",7411,2017-10-03 20:00:00,2018-08-16 15:00:00,316.791666666667,42.6520002633333,23.3320004492998,6.70552253723145e-07,6.70552253723145e-07
"sx8dduums3u",7284,2017-09-06 23:00:00,2018-08-16 15:00:00,343.666666666667,42.6539998501539,23.3299995213747,6.70552253723145e-07,6.70552253723145e-07
"sx8ddw08x86",8084,2017-09-06 23:00:00,2018-08-16 15:00:00,343.666666666667,42.6599999517202,23.3140001446009,6.70552253723145e-07,6.70552253723145e-07
"sx8ddw12wbk",4100,2017-10-05 12:00:00,2018-03-26 14:00:00,172.083333333333,42.6599999517202,23.3150006085634,6.70552253723145e-07,6.70552253723145e-07
"sx8ddw40w0m",2876,2018-03-26 15:00:00,2018-08-16 15:00:00,143,42.6599999517202,23.3159997314215,6.70552253723145e-07,6.70552253723145e-07
"sx8ddw7shv1",1484,2018-03-26 15:00:00,2018-05-30 07:00:00,64.6666666666667,42.6619995385408,23.3180006593466,6.70552253723145e-07,6.70552253723145e-07
"sx8ddwh2s06",4774,2017-09-06 23:00:00,2018-03-26 14:00:00,200.625,42.6599999517202,23.3189997822046,6.70552253723145e-07,6.70552253723145e-07
"sx8ddwj0e2k",3219,2018-03-26 15:00:00,2018-08-16 15:00:00,143,42.6599999517202,23.3200002461672,6.70552253723145e-07,6.70552253723145e-07
"sx8ddwkkhj4",3913,2017-10-13 00:00:00,2018-03-26 14:00:00,164.583333333333,42.6619995385408,23.3189997822046,6.70552253723145e-07,6.70552253723145e-07
"sx8ddx2p078",1834,2018-01-09 01:00:00,2018-03-26 14:00:00,76.5,42.6679996401072,23.3129996806383,6.70552253723145e-07,6.70552253723145e-07
"sx8ddxf4y0t",3306,2018-03-26 15:00:00,2018-08-16 15:00:00,143,42.6700005680323,23.3159997314215,6.70552253723145e-07,6.70552253723145e-07
"sx8ddxgdub9",3216,2018-03-26 15:00:00,2018-08-16 15:00:00,143,42.6700005680323,23.3180006593466,6.70552253723145e-07,6.70552253723145e-07
"sx8ddxrr179",64,2018-02-19 21:00:00,2018-02-23 22:00:00,4.04166666666667,42.6679996401072,23.3230002969503,6.70552253723145e-07,6.70552253723145e-07
"sx8ddzffvb9",2022,2018-03-26 15:00:00,2018-08-16 15:00:00,143,42.6700005680323,23.3279999345541,6.70552253723145e-07,6.70552253723145e-07
"sx8ddzgdv0e",462,2018-02-24 08:00:00,2018-03-26 15:00:00,30.25,42.6700005680323,23.3290003985167,6.70552253723145e-07,6.70552253723145e-07
"sx8de014t4q",1947,2018-02-10 11:00:00,2018-05-26 14:00:00,105.083333333333,42.6273950189352,23.3365575224161,6.70552253723145e-07,6.70552253723145e-07
"sx8de014t72",702,2018-06-05 13:00:00,2018-08-04 09:00:00,59.8333333333333,42.6274003833532,23.3365602046251,6.70552253723145e-07,6.70552253723145e-07
"sx8de50g21y",3295,2018-03-26 15:00:00,2018-08-16 15:00:00,143,42.6440005749464,23.335999622941,6.70552253723145e-07,6.70552253723145e-07
"sx8de517r9b",4797,2017-09-06 23:00:00,2018-03-26 14:00:00,200.625,42.6440005749464,23.3370000869036,6.70552253723145e-07,6.70552253723145e-07
"sx8de5qwfws",6074,2018-03-26 15:00:00,2018-08-16 15:00:00,143,42.646000161767,23.3440006524324,6.70552253723145e-07,6.70552253723145e-07
"sx8de5rqcyt",702,2018-02-25 02:00:00,2018-03-26 14:00:00,29.4583333333333,42.646000161767,23.3449997752905,6.70552253723145e-07,6.70552253723145e-07
"sx8debzm6uu",10458,2017-11-27 01:00:00,2018-08-16 15:00:00,262.541666666667,42.6320003718138,23.3780003339052,6.70552253723145e-07,6.70552253723145e-07
"sx8decvfs2b",756,2018-02-23 02:00:00,2018-03-26 14:00:00,31.4583333333333,42.6370000094175,23.3759994059801,6.70552253723145e-07,6.70552253723145e-07
"sx8deene73b",3637,2018-02-10 00:00:00,2018-08-16 15:00:00,187.583333333333,42.6440005749464,23.3660001307726,6.70552253723145e-07,6.70552253723145e-07
"sx8def0y1jt",4338,2017-09-26 00:00:00,2018-03-26 14:00:00,181.583333333333,42.6389995962381,23.3690001815557,6.70552253723145e-07,6.70552253723145e-07
"sx8def3s02p",3311,2018-03-26 15:00:00,2018-08-16 15:00:00,143,42.6400000602007,23.3700006455183,6.70552253723145e-07,6.70552253723145e-07
"sx8defjbk72",3092,2018-03-26 15:00:00,2018-08-16 15:00:00,143,42.6380004733801,23.3759994059801,6.70552253723145e-07,6.70552253723145e-07
"sx8deg2bjfr",394,2018-01-25 15:00:00,2018-02-11 00:00:00,16.375,42.6448186486959,23.3692067116499,6.70552253723145e-07,6.70552253723145e-07
"sx8degb49g7",3617,2018-03-12 09:00:00,2018-08-16 15:00:00,157.208333333333,42.6479997485876,23.3679997175932,6.70552253723145e-07,6.70552253723145e-07
"sx8degf4xg2",4791,2017-09-06 23:00:00,2018-03-26 14:00:00,200.625,42.6479997485876,23.3709997683764,6.70552253723145e-07,6.70552253723145e-07
"sx8degffx56",3240,2018-03-26 15:00:00,2018-08-16 15:00:00,143,42.6479997485876,23.3720002323389,6.70552253723145e-07,6.70552253723145e-07
"sx8deh2h0ft",4689,2017-09-06 23:00:00,2018-03-26 14:00:00,200.625,42.6509997993708,23.335000500083,6.70552253723145e-07,6.70552253723145e-07
"sx8deh8cbjn",3287,2018-03-26 15:00:00,2018-08-16 15:00:00,143,42.6520002633333,23.335999622941,6.70552253723145e-07,6.70552253723145e-07
"sx8dehd1yv4",6702,2017-10-09 13:00:00,2018-08-16 15:00:00,311.083333333333,42.6520002633333,23.3380005508661,6.70552253723145e-07,6.70552253723145e-07
"sx8dej0g2hq",337,2018-03-08 17:00:00,2018-03-25 04:00:00,16.4166666666667,42.6550003141165,23.335999622941,6.70552253723145e-07,6.70552253723145e-07
"sx8dej2c0nw",2957,2018-03-27 13:00:00,2018-08-16 15:00:00,142.083333333333,42.6559994369745,23.335999622941,6.70552253723145e-07,6.70552253723145e-07
"sx8dek12rvf",3463,2017-10-19 11:00:00,2018-03-20 20:00:00,152.416666666667,42.6490002125502,23.3479998260736,6.70552253723145e-07,6.70552253723145e-07
"sx8dek1qrb4",2243,2018-03-30 08:00:00,2018-08-16 15:00:00,139.291666666667,42.6499993354082,23.3479998260736,6.70552253723145e-07,6.70552253723145e-07
"sx8dem6pp1h",4608,2017-09-06 23:00:00,2018-03-26 14:00:00,200.625,42.6569999009371,23.3490002900362,6.70552253723145e-07,6.70552253723145e-07
"sx8dem6rcyv",1476,2018-05-30 12:00:00,2018-08-16 15:00:00,78.125,42.6571594923735,23.3491196483374,6.70552253723145e-07,6.70552253723145e-07
"sx8dem6rcz7",2223,2018-02-10 11:00:00,2018-05-29 22:00:00,108.416666666667,42.6571621745825,23.3491169661283,6.70552253723145e-07,6.70552253723145e-07
"sx8demduy7t",3290,2018-03-26 15:00:00,2018-08-16 15:00:00,143,42.6580003648996,23.3499994128942,6.70552253723145e-07,6.70552253723145e-07
"sx8depqx4es",8268,2018-01-04 12:00:00,2018-08-16 15:00:00,224.083333333333,42.6679996401072,23.3440006524324,6.70552253723145e-07,6.70552253723145e-07
"sx8deq8pc4p",3041,2018-03-26 15:00:00,2018-08-16 15:00:00,143,42.664000466466,23.346000239253,6.70552253723145e-07,6.70552253723145e-07
"sx8deq8zbd0",3359,2017-10-29 23:00:00,2018-03-26 14:00:00,147.583333333333,42.664000466466,23.3469993621111,6.70552253723145e-07,6.70552253723145e-07
"sx8deqq64ug",148,2018-02-21 23:00:00,2018-05-20 19:00:00,87.7916666666667,42.6616548746824,23.3546530455351,6.70552253723145e-07,6.70552253723145e-07
"sx8deqq64vc",56,2018-06-20 07:00:00,2018-07-28 02:00:00,37.7916666666667,42.6616602391005,23.3546503633261,6.70552253723145e-07,6.70552253723145e-07
"sx8der2p15x",9415,2017-09-20 01:00:00,2018-08-16 15:00:00,330.583333333333,42.6679996401072,23.346000239253,6.70552253723145e-07,6.70552253723145e-07
"sx8der8hcnp",2365,2017-12-15 13:00:00,2018-03-26 14:00:00,101,42.6690001040697,23.346000239253,6.70552253723145e-07,6.70552253723145e-07
"sx8derj5kqf",4059,2017-10-06 23:00:00,2018-03-26 14:00:00,170.625,42.6660000532866,23.3529994636774,6.70552253723145e-07,6.70552253723145e-07
"sx8derjg7wu",2621,2018-03-26 15:00:00,2018-08-16 15:00:00,143,42.6660000532866,23.35399992764,6.70552253723145e-07,6.70552253723145e-07
"sx8desfjx3y",3269,2018-03-26 15:00:00,2018-08-16 15:00:00,143,42.6539998501539,23.3600000292063,6.70552253723145e-07,6.70552253723145e-07
"sx8desjnk8j",3561,2018-03-15 00:00:00,2018-08-16 15:00:00,154.583333333333,42.6499993354082,23.364000543952,6.70552253723145e-07,6.70552253723145e-07
"sx8det45rkq",3853,2017-10-16 18:00:00,2018-03-26 15:00:00,160.875,42.6550003141165,23.3600000292063,6.70552253723145e-07,6.70552253723145e-07
"sx8detkuhzj",240,2018-05-17 19:00:00,2018-05-29 14:00:00,11.7916666666667,42.6565171033144,23.3636679500341,6.70552253723145e-07,6.70552253723145e-07
"sx8detkuhzx",1530,2018-05-30 12:00:00,2018-08-16 15:00:00,78.125,42.6565197855234,23.3636706322432,6.70552253723145e-07,6.70552253723145e-07
"sx8deu81cv5",3232,2018-03-26 15:00:00,2018-08-16 15:00:00,143,42.6520002633333,23.3679997175932,6.70552253723145e-07,6.70552253723145e-07
"sx8deu8p9z7",495,2018-03-05 23:00:00,2018-03-26 14:00:00,20.5833333333333,42.6529993861914,23.3679997175932,6.70552253723145e-07,6.70552253723145e-07
"sx8deuvvs3b",3308,2018-03-26 15:00:00,2018-08-16 15:00:00,143,42.6539998501539,23.3759994059801,6.70552253723145e-07,6.70552253723145e-07
"sx8deuzmdcu",3300,2018-03-26 15:00:00,2018-08-16 15:00:00,143,42.6539998501539,23.3780003339052,6.70552253723145e-07,6.70552253723145e-07
"sx8dev34hpv",483,2018-02-10 12:00:00,2018-03-20 07:00:00,37.7916666666667,42.656177803874,23.3694722503424,6.70552253723145e-07,6.70552253723145e-07
"sx8dev390qx",1631,2018-03-26 15:00:00,2018-08-13 07:00:00,139.666666666667,42.6559994369745,23.3700006455183,6.70552253723145e-07,6.70552253723145e-07
"sx8dev3x03p",53,2018-03-23 21:00:00,2018-03-26 14:00:00,2.66666666666667,42.6569999009371,23.3700006455183,6.70552253723145e-07,6.70552253723145e-07
"sx8dev79nqe",564,2018-03-03 02:00:00,2018-03-26 14:00:00,23.4583333333333,42.6559994369745,23.372999355197,6.70552253723145e-07,6.70552253723145e-07
"sx8devjgkk2",4786,2017-09-06 23:00:00,2018-03-26 14:00:00,200.625,42.6550003141165,23.3759994059801,6.70552253723145e-07,6.70552253723145e-07
"sx8devk3jwt",7316,2018-02-20 01:00:00,2018-08-16 15:00:00,177.541666666667,42.6559994369745,23.3739998191595,6.70552253723145e-07,6.70552253723145e-07
"sx8devp76uk",3351,2017-11-06 14:00:00,2018-03-26 14:00:00,139.958333333333,42.6550003141165,23.3780003339052,6.70552253723145e-07,6.70552253723145e-07
"sx8dewj020z",170,2018-07-24 10:00:00,2018-08-16 01:00:00,22.625,42.659959718585,23.3638101071119,6.70552253723145e-07,6.70552253723145e-07
"sx8dewsms6k",454,2018-02-12 02:00:00,2018-05-21 00:00:00,97.875,42.6636155694723,23.3629585057497,6.70552253723145e-07,6.70552253723145e-07
"sx8dewsms7j",52,2018-06-14 04:00:00,2018-08-07 20:00:00,54.6666666666667,42.6636195927858,23.3629598468542,6.70552253723145e-07,6.70552253723145e-07
"sx8dey2h1v5",2068,2017-09-27 18:00:00,2018-02-07 19:00:00,133.083333333333,42.6619995385408,23.3679997175932,6.70552253723145e-07,6.70552253723145e-07
"sx8deydpzf0",4338,2017-09-26 01:00:00,2018-03-26 14:00:00,181.541666666667,42.664000466466,23.3709997683764,6.70552253723145e-07,6.70552253723145e-07
"sx8deydzz44",5176,2018-03-26 15:00:00,2018-08-16 15:00:00,143,42.664000466466,23.3720002323389,6.70552253723145e-07,6.70552253723145e-07
"sx8deyexy65",2964,2017-09-06 23:00:00,2018-03-26 14:00:00,200.625,42.664000466466,23.372999355197,6.70552253723145e-07,6.70552253723145e-07
"sx8df0nw3m7",3015,2018-04-09 17:00:00,2018-08-16 15:00:00,128.916666666667,42.6720001548529,23.3000003546476,6.70552253723145e-07,6.70552253723145e-07
"sx8df161mec",1891,2018-05-27 06:00:00,2018-08-16 15:00:00,81.375,42.6780002564192,23.2940002530813,6.70552253723145e-07,6.70552253723145e-07
"sx8df18tnbw",3270,2018-03-26 17:00:00,2018-08-16 15:00:00,142.916666666667,42.6799998432398,23.2920006662607,6.70552253723145e-07,6.70552253723145e-07
"sx8df19mn0x",4341,2017-09-06 23:00:00,2018-03-26 11:00:00,200.5,42.6799998432398,23.2929997891188,6.70552253723145e-07,6.70552253723145e-07
"sx8df1eth0s",2960,2018-03-26 15:00:00,2018-08-16 15:00:00,143,42.6799998432398,23.2959998399019,6.70552253723145e-07,6.70552253723145e-07
"sx8df1gdu5h",286,2018-03-14 16:00:00,2018-03-26 14:00:00,11.875,42.6810003072023,23.2959998399019,6.70552253723145e-07,6.70552253723145e-07
"sx8df1gf5ny",4507,2018-02-09 00:00:00,2018-08-16 15:00:00,188.583333333333,42.6808916777372,23.2963029295206,6.70552253723145e-07,6.70552253723145e-07
"sx8df1q937g",6795,2017-10-15 20:00:00,2018-08-11 10:00:00,299.583333333333,42.6780002564192,23.3000003546476,6.70552253723145e-07,6.70552253723145e-07
"sx8df2jbd6g",4695,2017-09-06 23:00:00,2018-03-26 14:00:00,200.625,42.6709996908903,23.3099996298552,6.70552253723145e-07,6.70552253723145e-07
"sx8df2jy6m7",3302,2018-03-26 15:00:00,2018-08-16 15:00:00,143,42.6720001548529,23.3099996298552,6.70552253723145e-07,6.70552253723145e-07
"sx8df3mc67g",2453,2018-04-29 04:00:00,2018-08-16 15:00:00,109.458333333333,42.6780002564192,23.3099996298552,6.70552253723145e-07,6.70552253723145e-07
"sx8df3ne99m",1747,2017-09-06 23:00:00,2018-01-17 16:00:00,132.75,42.6769997924566,23.3110000938177,6.70552253723145e-07,6.70552253723145e-07
"sx8df3r32gz",3309,2018-03-26 15:00:00,2018-08-16 15:00:00,143,42.6780002564192,23.3120005577803,6.70552253723145e-07,6.70552253723145e-07
"sx8df3rr0yp",4384,2017-09-21 23:00:00,2018-03-26 14:00:00,185.625,42.6789993792772,23.3120005577803,6.70552253723145e-07,6.70552253723145e-07
"sx8df3tv42e",3264,2018-03-26 15:00:00,2018-08-16 15:00:00,143,42.6799998432398,23.3099996298552,6.70552253723145e-07,6.70552253723145e-07
"sx8df3wt18t",4785,2017-09-06 23:00:00,2018-03-26 14:00:00,200.625,42.6799998432398,23.3110000938177,6.70552253723145e-07,6.70552253723145e-07
"sx8df440tt3",2945,2018-04-05 01:00:00,2018-08-16 15:00:00,133.583333333333,42.6819994300604,23.2940002530813,6.70552253723145e-07,6.70552253723145e-07
"sx8df4j0dtr",3073,2018-04-07 15:00:00,2018-08-16 15:00:00,131,42.6819994300604,23.2979994267225,6.70552253723145e-07,6.70552253723145e-07
"sx8df4qs367",1926,2018-03-26 15:00:00,2018-08-16 15:00:00,143,42.6840003579855,23.3000003546476,6.70552253723145e-07,6.70552253723145e-07
"sx8df4tpfxp",2726,2018-04-02 22:00:00,2018-08-09 21:00:00,128.958333333333,42.6859999448061,23.2979994267225,6.70552253723145e-07,6.70552253723145e-07
"sx8df4x60ss",4575,2017-09-06 23:00:00,2018-03-26 14:00:00,200.625,42.6849994808435,23.3009994775057,6.70552253723145e-07,6.70552253723145e-07
"sx8df5j5dez",3311,2018-03-26 15:00:00,2018-08-16 15:00:00,143,42.6879995316267,23.2979994267225,6.70552253723145e-07,6.70552253723145e-07
"sx8df5jgd5c",443,2018-03-08 03:00:00,2018-03-26 14:00:00,18.4166666666667,42.6879995316267,23.2989998906851,6.70552253723145e-07,6.70552253723145e-07
"sx8df6dzvpj",7560,2017-09-16 01:00:00,2018-08-16 15:00:00,334.583333333333,42.6859999448061,23.306000456214,6.70552253723145e-07,6.70552253723145e-07
"sx8df76zm0v",1822,2018-03-26 15:00:00,2018-06-13 10:00:00,78.7916666666667,42.6900004595518,23.306000456214,6.70552253723145e-07,6.70552253723145e-07
"sx8df779kqq",4797,2017-09-06 23:00:00,2018-03-26 14:00:00,200.625,42.6889999955893,23.306999579072,6.70552253723145e-07,6.70552253723145e-07
"sx8df7mz62g",2611,2018-03-26 15:00:00,2018-08-16 15:00:00,143,42.6900004595518,23.3099996298552,6.70552253723145e-07,6.70552253723145e-07
"sx8df7qx38v",3817,2017-10-16 18:00:00,2018-03-26 15:00:00,160.875,42.6900004595518,23.3110000938177,6.70552253723145e-07,6.70552253723145e-07
"sx8df7z6bvx",6677,2017-09-06 23:00:00,2018-08-16 15:00:00,343.666666666667,42.6920000463724,23.3120005577803,6.70552253723145e-07,6.70552253723145e-07
"sx8df84bt6z",1037,2018-02-11 02:00:00,2018-03-26 14:00:00,43.4583333333333,42.6709996908903,23.317000195384,6.70552253723145e-07,6.70552253723145e-07
"sx8df8h2s4f",3939,2017-10-07 01:00:00,2018-03-26 14:00:00,170.541666666667,42.6709996908903,23.3189997822046,6.70552253723145e-07,6.70552253723145e-07
"sx8df8vjerh",3298,2018-03-26 15:00:00,2018-08-16 15:00:00,143,42.6760006695986,23.3200002461672,6.70552253723145e-07,6.70552253723145e-07
"sx8df8vvdxj",3614,2017-10-26 01:00:00,2018-03-26 14:00:00,151.541666666667,42.6760006695986,23.3209993690252,6.70552253723145e-07,6.70552253723145e-07
"sx8dfb08xfu",539,2017-09-06 23:00:00,2018-03-21 14:00:00,195.666666666667,42.6709996908903,23.3249998837709,6.70552253723145e-07,6.70552253723145e-07
"sx8dfb0n2t6",7771,2017-10-17 15:00:00,2018-08-16 15:00:00,303,42.6720001548529,23.3239994198084,6.70552253723145e-07,6.70552253723145e-07
"sx8dfbumsrh",1340,2018-06-05 01:00:00,2018-08-16 15:00:00,72.5833333333333,42.6760006695986,23.3299995213747,6.70552253723145e-07,6.70552253723145e-07
"sx8dfbvvep0",2049,2018-03-26 15:00:00,2018-08-11 00:00:00,137.375,42.6760006695986,23.3320004492998,6.70552253723145e-07,6.70552253723145e-07
"sx8dfc7xjn5",4262,2017-09-28 15:00:00,2018-03-26 14:00:00,178.958333333333,42.6789993792772,23.3290003985167,6.70552253723145e-07,6.70552253723145e-07
"sx8dfc8j08d",2411,2018-05-05 00:00:00,2018-08-16 15:00:00,103.625,42.6799998432398,23.3239994198084,6.70552253723145e-07,6.70552253723145e-07
"sx8dfcdvjb9",3201,2018-03-26 15:00:00,2018-08-16 15:00:00,143,42.6799998432398,23.3279999345541,6.70552253723145e-07,6.70552253723145e-07
"sx8dfcjge12",121,2018-03-20 05:00:00,2018-03-26 14:00:00,6.33333333333333,42.6769997924566,23.3320004492998,6.70552253723145e-07,6.70552253723145e-07
"sx8dfcmc75b",2136,2018-05-08 16:00:00,2018-08-16 15:00:00,99.9583333333333,42.6780002564192,23.3320004492998,6.70552253723145e-07,6.70552253723145e-07
"sx8dfcqx4q1",805,2018-02-17 14:00:00,2018-03-23 02:00:00,33.5,42.6789993792772,23.3329995721579,6.70552253723145e-07,6.70552253723145e-07
"sx8dfcr33eg",3063,2018-04-08 01:00:00,2018-08-16 15:00:00,130.583333333333,42.6780002564192,23.3340000361204,6.70552253723145e-07,6.70552253723145e-07
"sx8dff08xvk",2486,2017-09-06 23:00:00,2018-01-02 13:00:00,117.625,42.6819994300604,23.3249998837709,6.70552253723145e-07,6.70552253723145e-07
"sx8dffjbej2",154,2018-04-03 17:00:00,2018-07-02 22:00:00,90.2083333333333,42.6819994300604,23.3320004492998,6.70552253723145e-07,6.70552253723145e-07
"sx8dffp29t7",3309,2018-03-26 15:00:00,2018-08-16 15:00:00,143,42.6819994300604,23.3340000361204,6.70552253723145e-07,6.70552253723145e-07
"sx8dfg2p28f",8097,2017-09-06 23:00:00,2018-08-16 15:00:00,343.666666666667,42.6900004595518,23.3239994198084,6.70552253723145e-07,6.70552253723145e-07
"sx8dfg8j0e4",3504,2017-09-06 23:00:00,2018-03-26 14:00:00,200.625,42.6909995824099,23.3239994198084,6.70552253723145e-07,6.70552253723145e-07
"sx8dfgb4btd",3125,2018-03-26 15:00:00,2018-08-16 15:00:00,143,42.6920000463724,23.3239994198084,6.70552253723145e-07,6.70552253723145e-07
"sx8dfgetj55",85,2018-03-23 01:00:00,2018-03-26 14:00:00,3.5,42.6909995824099,23.3290003985167,6.70552253723145e-07,6.70552253723145e-07
"sx8dfgf4ymx",2174,2017-09-06 23:00:00,2018-01-15 06:00:00,130.333333333333,42.6920000463724,23.3269994705915,6.70552253723145e-07,6.70552253723145e-07
"sx8dfgh7s7u",1119,2018-06-26 23:00:00,2018-08-16 15:00:00,50.6666666666667,42.6879995316267,23.3299995213747,6.70552253723145e-07,6.70552253723145e-07
"sx8dfgj5eey",2648,2017-09-06 23:00:00,2018-01-02 11:00:00,117.541666666667,42.6879995316267,23.3309999853373,6.70552253723145e-07,6.70552253723145e-07
"sx8dfgkrk2u",3114,2018-03-26 15:00:00,2018-08-16 15:00:00,143,42.6900004595518,23.3299995213747,6.70552253723145e-07,6.70552253723145e-07
"sx8dfgq96q3",2120,2017-09-29 20:00:00,2018-01-02 11:00:00,94.6666666666667,42.6889999955893,23.3329995721579,6.70552253723145e-07,6.70552253723145e-07
"sx8dfgvfgj8",7768,2017-09-06 23:00:00,2018-08-16 15:00:00,343.666666666667,42.6920000463724,23.3320004492998,6.70552253723145e-07,6.70552253723145e-07
"sx8dfhbtyun",3304,2018-03-26 15:00:00,2018-08-16 15:00:00,143,42.6980001479387,23.2920006662607,6.70552253723145e-07,6.70552253723145e-07
"sx8dfhjbf01",2185,2017-12-18 15:00:00,2018-03-26 14:00:00,97.9166666666667,42.693000510335,23.2989998906851,6.70552253723145e-07,6.70552253723145e-07
"sx8dfhjnddr",2001,2018-03-26 15:00:00,2018-08-13 12:00:00,139.875,42.693999633193,23.2979994267225,6.70552253723145e-07,6.70552253723145e-07
"sx8dfhvjfsp",6547,2018-03-26 15:00:00,2018-08-16 15:00:00,143,42.6980001479387,23.2979994267225,6.70552253723145e-07,6.70552253723145e-07
"sx8dfhvvfh1",4113,2017-10-05 12:00:00,2018-03-26 14:00:00,172.083333333333,42.6980001479387,23.2989998906851,6.70552253723145e-07,6.70552253723145e-07
"sx8dfjethju",672,2018-07-19 01:00:00,2018-08-16 15:00:00,28.5833333333333,42.7020006626844,23.2959998399019,6.70552253723145e-07,6.70552253723145e-07
"sx8dfjj5dwx",3892,2017-10-15 02:00:00,2018-03-26 14:00:00,162.5,42.6990006119013,23.2979994267225,6.70552253723145e-07,6.70552253723145e-07
"sx8dfjyv0rh",806,2018-03-01 00:00:00,2018-05-25 00:00:00,84.9583333333333,42.7033806592226,23.3003021031618,6.70552253723145e-07,6.70552253723145e-07
"sx8dfk96nx3",193,2018-04-13 01:00:00,2018-04-21 01:00:00,8,42.6960005611181,23.3039995282888,6.70552253723145e-07,6.70552253723145e-07
"sx8dfkp2bbp",276,2018-03-15 02:00:00,2018-03-26 14:00:00,11.4583333333333,42.693000510335,23.3120005577803,6.70552253723145e-07,6.70552253723145e-07
"sx8dfkx60zr",1719,2017-09-06 23:00:00,2018-01-06 16:00:00,121.75,42.6960005611181,23.3120005577803,6.70552253723145e-07,6.70552253723145e-07
"sx8dfm17ww9",3437,2017-09-06 23:00:00,2018-01-29 12:00:00,144.583333333333,42.6990006119013,23.3039995282888,6.70552253723145e-07,6.70552253723145e-07
"sx8dfm33w8c",3005,2018-03-26 15:00:00,2018-08-16 15:00:00,143,42.6999997347593,23.3039995282888,6.70552253723145e-07,6.70552253723145e-07
"sx8dfm45tye",1273,2018-02-01 13:00:00,2018-03-26 14:00:00,53,42.6990006119013,23.3049999922514,6.70552253723145e-07,6.70552253723145e-07
"sx8dfnpbzfw",2004,2018-03-26 15:00:00,2018-08-16 15:00:00,143,42.704000249505,23.3019999414682,6.70552253723145e-07,6.70552253723145e-07
"sx8dfnpq8su",3835,2017-10-03 19:00:00,2018-03-26 14:00:00,173.791666666667,42.7049993723631,23.3009994775057,6.70552253723145e-07,6.70552253723145e-07
"sx8dfq08z68",4627,2017-09-08 00:00:00,2018-03-26 14:00:00,199.583333333333,42.704000249505,23.3030004054308,6.70552253723145e-07,6.70552253723145e-07
"sx8dfq12yd9",3081,2018-03-26 15:00:00,2018-08-16 15:00:00,143,42.704000249505,23.3039995282888,6.70552253723145e-07,6.70552253723145e-07
"sx8dfqp2bfx",2226,2018-03-26 15:00:00,2018-08-16 14:00:00,142.958333333333,42.704000249505,23.3120005577803,6.70552253723145e-07,6.70552253723145e-07
"sx8dfqpq8uz",4678,2017-09-06 23:00:00,2018-03-26 14:00:00,200.625,42.7049993723631,23.3120005577803,6.70552253723145e-07,6.70552253723145e-07
"sx8dfqtv6rw",1822,2018-02-10 11:00:00,2018-05-29 21:00:00,108.375,42.7075461298227,23.3100036531687,6.70552253723145e-07,6.70552253723145e-07
"sx8dfqtvd27",402,2018-06-01 03:00:00,2018-08-14 02:00:00,73.9583333333333,42.7075501531363,23.3099996298552,6.70552253723145e-07,6.70552253723145e-07
"sx8dfqu25u0",7710,2017-09-12 19:00:00,2018-08-16 15:00:00,337.833333333333,42.7079994231462,23.3080000430346,6.70552253723145e-07,6.70552253723145e-07
"sx8dfqz20up",4905,2017-09-06 23:00:00,2018-08-07 13:00:00,334.583333333333,42.7079994231462,23.3120005577803,6.70552253723145e-07,6.70552253723145e-07
"sx8dfs1tuv5",1826,2018-02-10 11:00:00,2018-05-29 14:00:00,108.083333333333,42.6938856393099,23.3152567595243,6.70552253723145e-07,6.70552253723145e-07
"sx8dfs1tuvv",507,2018-05-30 12:00:00,2018-07-06 15:00:00,37.125,42.6938896626234,23.3152594417334,6.70552253723145e-07,6.70552253723145e-07
"sx8dfsfjyhj",3135,2018-04-05 01:00:00,2018-08-16 15:00:00,133.583333333333,42.6980001479387,23.3159997314215,6.70552253723145e-07,6.70552253723145e-07
"sx8dfsjne6k",6534,2017-09-06 23:00:00,2018-07-23 14:00:00,319.625,42.693999633193,23.3200002461672,6.70552253723145e-07,6.70552253723145e-07
"sx8dfujye42",1957,2018-03-26 15:00:00,2018-06-18 21:00:00,84.25,42.693999633193,23.3320004492998,6.70552253723145e-07,6.70552253723145e-07
"sx8dfun8f21",4019,2017-09-06 23:00:00,2018-03-26 15:00:00,200.666666666667,42.693000510335,23.3329995721579,6.70552253723145e-07,6.70552253723145e-07
"sx8dfutf5p2",2999,2018-03-26 15:00:00,2018-08-16 15:00:00,143,42.6960005611181,23.3320004492998,6.70552253723145e-07,6.70552253723145e-07
"sx8dfuv059w",3150,2017-10-13 00:00:00,2018-02-27 17:00:00,137.75,42.6969996839762,23.3309999853373,6.70552253723145e-07,6.70552253723145e-07
"sx8dfuvb518",542,2018-03-04 00:00:00,2018-03-26 14:00:00,22.5416666666667,42.6969996839762,23.3320004492998,6.70552253723145e-07,6.70552253723145e-07
"sx8dfuvvgh0",2709,2018-03-26 16:00:00,2018-08-16 15:00:00,142.958333333333,42.6980001479387,23.3320004492998,6.70552253723145e-07,6.70552253723145e-07
"sx8dfvjgen8",3416,2017-10-23 17:00:00,2018-03-26 12:00:00,153.791666666667,42.6990006119013,23.3320004492998,6.70552253723145e-07,6.70552253723145e-07
"sx8dfvmce0b",1963,2017-11-28 14:00:00,2018-04-23 15:00:00,146,42.6999997347593,23.3320004492998,6.70552253723145e-07,6.70552253723145e-07
"sx8dfvxm1tg",2604,2018-03-26 15:00:00,2018-08-16 15:00:00,143,42.7020006626844,23.3340000361204,6.70552253723145e-07,6.70552253723145e-07
"sx8dfvz7185",2447,2017-12-12 18:00:00,2018-03-26 14:00:00,103.791666666667,42.7029997855425,23.3340000361204,6.70552253723145e-07,6.70552253723145e-07
"sx8dfwbtzwd",1169,2018-02-01 13:00:00,2018-03-26 14:00:00,53,42.7089998871088,23.3140001446009,6.70552253723145e-07,6.70552253723145e-07
"sx8dfwqs3zr",6811,2017-09-06 23:00:00,2018-08-16 15:00:00,343.666666666667,42.7059998363256,23.3219998329878,6.70552253723145e-07,6.70552253723145e-07
"sx8dfx0ez94",2994,2018-03-26 15:00:00,2018-08-16 15:00:00,143,42.7100003510714,23.3140001446009,6.70552253723145e-07,6.70552253723145e-07
"sx8dfx1j55w",687,2018-04-14 11:00:00,2018-05-27 17:00:00,43.25,42.7102283388376,23.3144990354776,6.70552253723145e-07,6.70552253723145e-07
"sx8dfx1n7bx",496,2018-05-08 03:00:00,2018-05-29 22:00:00,21.7916666666667,42.7104268223047,23.3145325630903,6.70552253723145e-07,6.70552253723145e-07
"sx8dfx1n7cj",1815,2018-05-30 12:00:00,2018-08-16 15:00:00,78.125,42.7104295045137,23.3145298808813,6.70552253723145e-07,6.70552253723145e-07
"sx8dfx5euc1",2333,2018-03-26 15:00:00,2018-08-15 20:00:00,142.208333333333,42.7100003510714,23.3180006593466,6.70552253723145e-07,6.70552253723145e-07
"sx8dfx79sg3",1270,2018-02-01 13:00:00,2018-03-26 15:00:00,53.0416666666667,42.7109994739294,23.3180006593466,6.70552253723145e-07,6.70552253723145e-07
"sx8dfy6umz3",3687,2018-03-10 19:00:00,2018-08-16 15:00:00,158.791666666667,42.7059998363256,23.3279999345541,6.70552253723145e-07,6.70552253723145e-07
"sx8dg00n2vm",3589,2017-10-27 16:00:00,2018-03-26 14:00:00,149.916666666667,42.6720001548529,23.335000500083,6.70552253723145e-07,6.70552253723145e-07
"sx8dg00y2jq",3239,2018-03-26 15:00:00,2018-08-16 15:00:00,143,42.6720001548529,23.335999622941,6.70552253723145e-07,6.70552253723145e-07
"sx8dg2jy7tk",3265,2018-03-28 13:00:00,2018-08-16 15:00:00,141.083333333333,42.6720001548529,23.35399992764,6.70552253723145e-07,6.70552253723145e-07
"sx8dg2mhhrf",4800,2017-09-06 23:00:00,2018-03-26 15:00:00,200.666666666667,42.6730006188154,23.3529994636774,6.70552253723145e-07,6.70552253723145e-07
"sx8dg2pq6jr",4491,2018-02-02 17:00:00,2018-08-16 15:00:00,194.875,42.6720001548529,23.3559995144606,6.70552253723145e-07,6.70552253723145e-07
"sx8dg2tf5dh",3227,2018-03-26 15:00:00,2018-08-16 15:00:00,143,42.6739997416735,23.35399992764,6.70552253723145e-07,6.70552253723145e-07
"sx8dg2x644p",2751,2018-03-26 15:00:00,2018-08-16 15:00:00,143,42.6739997416735,23.3559995144606,6.70552253723145e-07,6.70552253723145e-07
"sx8dg2xrfhx",3895,2017-09-06 23:00:00,2018-03-26 15:00:00,200.666666666667,42.675000205636,23.3559995144606,6.70552253723145e-07,6.70552253723145e-07
"sx8dg40n2zv",4798,2017-09-06 23:00:00,2018-03-26 14:00:00,200.625,42.6829998940229,23.335000500083,6.70552253723145e-07,6.70552253723145e-07
"sx8dg5f4yvd",3270,2018-03-26 16:00:00,2018-08-16 15:00:00,142.958333333333,42.6920000463724,23.3380005508661,6.70552253723145e-07,6.70552253723145e-07
"sx8dg5jge7f",2914,2017-10-03 19:00:00,2018-02-03 15:00:00,122.875,42.6879995316267,23.3430001884699,6.70552253723145e-07,6.70552253723145e-07
"sx8dg5k3kwr",3072,2017-10-15 20:00:00,2018-03-13 16:00:00,148.875,42.6889999955893,23.3410006016493,6.70552253723145e-07,6.70552253723145e-07
"sx8dg5nedeu",2101,2018-04-05 08:00:00,2018-07-02 13:00:00,88.2083333333333,42.6879995316267,23.3440006524324,6.70552253723145e-07,6.70552253723145e-07
"sx8dg66uq6m",1680,2018-06-05 01:00:00,2018-08-16 15:00:00,72.5833333333333,42.6840003579855,23.3499994128942,6.70552253723145e-07,6.70552253723145e-07
"sx8dg68zbx0",3388,2017-11-05 00:00:00,2018-03-26 14:00:00,141.541666666667,42.6859999448061,23.3469993621111,6.70552253723145e-07,6.70552253723145e-07
"sx8dg69rzz4",1959,2018-03-26 15:00:00,2018-06-18 18:00:00,84.125,42.6859999448061,23.3479998260736,6.70552253723145e-07,6.70552253723145e-07
"sx8dg6dw8dq",1081,2018-05-30 12:00:00,2018-08-16 15:00:00,78.125,42.6857598870993,23.3494106680155,6.70552253723145e-07,6.70552253723145e-07
"sx8dg6dw8g0",1432,2018-02-10 15:00:00,2018-05-29 21:00:00,108.208333333333,42.6857639104128,23.3494133502245,6.70552253723145e-07,6.70552253723145e-07
"sx8dg6dzyrj",3311,2018-03-26 15:00:00,2018-08-16 15:00:00,143,42.6859999448061,23.3499994128942,6.70552253723145e-07,6.70552253723145e-07
"sx8dg6edjsx",4789,2017-09-06 23:00:00,2018-03-26 14:00:00,200.625,42.6849994808435,23.3509998768568,6.70552253723145e-07,6.70552253723145e-07
"sx8dg6exvxp",4786,2017-09-06 23:00:00,2018-03-26 14:00:00,200.625,42.6859999448061,23.3509998768568,6.70552253723145e-07,6.70552253723145e-07
"sx8dg6g7ejk",556,2018-04-28 03:00:00,2018-05-29 21:00:00,31.75,42.6866342872381,23.3505452424288,6.70552253723145e-07,6.70552253723145e-07
"sx8dg6g7ek8",1348,2018-05-30 12:00:00,2018-08-16 02:00:00,77.5833333333333,42.6866302639246,23.3505506068468,6.70552253723145e-07,6.70552253723145e-07
"sx8dg6kkm43",3307,2018-03-26 15:00:00,2018-08-16 15:00:00,143,42.6840003579855,23.3520003408194,6.70552253723145e-07,6.70552253723145e-07
"sx8dg6tf5ss",4727,2017-09-06 23:00:00,2018-03-26 14:00:00,200.625,42.6849994808435,23.35399992764,6.70552253723145e-07,6.70552253723145e-07
"sx8dg6tzgxh",6417,2018-03-26 15:00:00,2018-08-16 15:00:00,143,42.6859999448061,23.35399992764,6.70552253723145e-07,6.70552253723145e-07
"sx8dg6vvg9s",4114,2017-10-05 12:00:00,2018-03-26 14:00:00,172.083333333333,42.6870004087687,23.35399992764,6.70552253723145e-07,6.70552253723145e-07
"sx8dg6wd4uw",2331,2017-09-28 15:00:00,2018-01-05 17:00:00,99.125,42.6849994808435,23.3550003916025,6.70552253723145e-07,6.70552253723145e-07
"sx8dg6whcp6",295,2018-02-15 02:00:00,2018-05-23 01:00:00,96.9166666666667,42.6854863017797,23.3542332798243,6.70552253723145e-07,6.70552253723145e-07
"sx8dg6wj100",96,2018-07-02 03:00:00,2018-08-10 02:00:00,38.9583333333333,42.6854903250933,23.3542305976152,6.70552253723145e-07,6.70552253723145e-07
"sx8dg6x64hx",3458,2017-09-06 23:00:00,2018-03-26 15:00:00,200.666666666667,42.6849994808435,23.3559995144606,6.70552253723145e-07,6.70552253723145e-07
"sx8dg6xrfpp",3219,2018-03-26 15:00:00,2018-08-16 15:00:00,143,42.6859999448061,23.3559995144606,6.70552253723145e-07,6.70552253723145e-07
"sx8dg8j0sdv",4459,2017-09-06 23:00:00,2018-03-26 14:00:00,200.625,42.6709996908903,23.364000543952,6.70552253723145e-07,6.70552253723145e-07
"sx8dg8jnktm",1868,2018-03-26 15:00:00,2018-06-17 14:00:00,82.9583333333333,42.6720001548529,23.364000543952,6.70552253723145e-07,6.70552253723145e-07
"sx8dg9jgecq",2078,2017-12-29 00:00:00,2018-03-26 14:00:00,87.5416666666667,42.6769997924566,23.36499966681,6.70552253723145e-07,6.70552253723145e-07
"sx8dg9m1kev",7179,2017-10-06 23:00:00,2018-08-16 15:00:00,313.666666666667,42.6780002564192,23.364000543952,6.70552253723145e-07,6.70552253723145e-07
"sx8dg9q977b",2095,2018-03-26 15:00:00,2018-06-24 10:00:00,89.7916666666667,42.6780002564192,23.3660001307726,6.70552253723145e-07,6.70552253723145e-07
"sx8dg9tjh8t",7922,2017-09-14 19:00:00,2018-08-16 15:00:00,335.833333333333,42.6799998432398,23.364000543952,6.70552253723145e-07,6.70552253723145e-07
"sx8dgbfvxp4",3272,2018-03-26 15:00:00,2018-08-16 15:00:00,143,42.6760006695986,23.3720002323389,6.70552253723145e-07,6.70552253723145e-07
"sx8dgc5ew37",2082,2017-12-28 20:00:00,2018-03-26 14:00:00,87.7083333333333,42.6769997924566,23.372999355197,6.70552253723145e-07,6.70552253723145e-07
"sx8dgc6cr5f",1323,2018-06-16 02:00:00,2018-08-16 15:00:00,61.5416666666667,42.6780002564192,23.3720002323389,6.70552253723145e-07,6.70552253723145e-07
"sx8dgd8f0ue",2093,2017-12-28 16:00:00,2018-03-26 14:00:00,87.875,42.6849994808435,23.3580004423857,6.70552253723145e-07,6.70552253723145e-07
"sx8dgd8zbz5",4728,2018-03-26 15:00:00,2018-08-16 15:00:00,143,42.6859999448061,23.3580004423857,6.70552253723145e-07,6.70552253723145e-07
"sx8dgdexyp1",2971,2018-03-26 15:00:00,2018-08-02 11:00:00,128.833333333333,42.6859999448061,23.3619996160269,6.70552253723145e-07,6.70552253723145e-07
"sx8dgdsrvr5",3550,2017-10-26 01:00:00,2018-03-26 14:00:00,151.541666666667,42.6859999448061,23.3630000799894,6.70552253723145e-07,6.70552253723145e-07
"sx8dge213w3",4267,2017-09-20 13:00:00,2018-03-26 15:00:00,187.083333333333,42.6889999955893,23.3569999784231,6.70552253723145e-07,6.70552253723145e-07
"sx8dge2z2bg",99,2018-03-26 15:00:00,2018-04-01 13:00:00,5.91666666666667,42.6900004595518,23.3580004423857,6.70552253723145e-07,6.70552253723145e-07
"sx8dge45x7y",5768,2017-12-02 13:00:00,2018-08-16 15:00:00,257.041666666667,42.6879995316267,23.3600000292063,6.70552253723145e-07,6.70552253723145e-07
"sx8dgempk8v",6863,2017-10-21 02:00:00,2018-08-16 15:00:00,299.541666666667,42.6900004595518,23.364000543952,6.70552253723145e-07,6.70552253723145e-07
"sx8dgenee7b",3277,2018-03-26 15:00:00,2018-08-16 15:00:00,143,42.6879995316267,23.3660001307726,6.70552253723145e-07,6.70552253723145e-07
"sx8dgeq97q2",3664,2017-10-23 16:00:00,2018-03-26 14:00:00,153.916666666667,42.6889999955893,23.3660001307726,6.70552253723145e-07,6.70552253723145e-07
"sx8dgev4utt",7943,2017-09-13 19:00:00,2018-08-16 15:00:00,336.833333333333,42.6920000463724,23.364000543952,6.70552253723145e-07,6.70552253723145e-07
"sx8dgew2dg5",1942,2018-02-10 11:00:00,2018-06-01 20:00:00,111.333333333333,42.6902271062136,23.3656393736601,6.70552253723145e-07,6.70552253723145e-07
"sx8dgew2dge",1317,2018-06-01 21:00:00,2018-08-16 15:00:00,75.75,42.6902297884226,23.3656393736601,6.70552253723145e-07,6.70552253723145e-07
"sx8dgf6ur46",1544,2018-04-22 01:00:00,2018-08-12 11:00:00,112.416666666667,42.6840003579855,23.3720002323389,6.70552253723145e-07,6.70552253723145e-07
"sx8dgfjbsm2",7454,2017-10-03 19:00:00,2018-08-16 15:00:00,316.833333333333,42.6819994300604,23.3759994059801,6.70552253723145e-07,6.70552253723145e-07
"sx8dgh0y84q",1544,2018-03-26 15:00:00,2018-06-03 04:00:00,68.5416666666667,42.693999633193,23.335999622941,6.70552253723145e-07,6.70552253723145e-07
"sx8dgh1qxd2",4711,2017-09-06 23:00:00,2018-03-26 15:00:00,200.666666666667,42.693999633193,23.3370000869036,6.70552253723145e-07,6.70552253723145e-07
"sx8dgh3krsb",4763,2017-09-06 23:00:00,2018-03-26 15:00:00,200.666666666667,42.6950000971556,23.3370000869036,6.70552253723145e-07,6.70552253723145e-07
"sx8dgh40yb4",1951,2018-01-03 00:00:00,2018-03-26 15:00:00,82.5833333333333,42.693000510335,23.3380005508661,6.70552253723145e-07,6.70552253723145e-07
"sx8dgh5wt6m",3151,2018-03-26 15:00:00,2018-08-16 15:00:00,143,42.693999633193,23.3400001376867,6.70552253723145e-07,6.70552253723145e-07
"sx8dghb00ct",792,2017-12-08 01:00:00,2018-03-22 11:00:00,104.416666666667,42.6969996839762,23.335000500083,6.70552253723145e-07,6.70552253723145e-07
"sx8dghbvbhn",785,2018-03-28 11:00:00,2018-08-12 09:00:00,136.916666666667,42.6980001479387,23.335999622941,6.70552253723145e-07,6.70552253723145e-07
"sx8dghd4nz6",3153,2018-03-26 15:00:00,2018-08-16 15:00:00,143,42.6960005611181,23.3380005508661,6.70552253723145e-07,6.70552253723145e-07
"sx8dghhqsdr",4797,2017-09-06 23:00:00,2018-03-26 14:00:00,200.625,42.693999633193,23.3410006016493,6.70552253723145e-07,6.70552253723145e-07
"sx8dghvjuh0",5569,2018-02-26 15:00:00,2018-08-16 15:00:00,170.958333333333,42.6980001479387,23.3419997245073,6.70552253723145e-07,6.70552253723145e-07
"sx8dghwd4xk",3030,2018-03-26 17:00:00,2018-08-16 15:00:00,142.916666666667,42.6960005611181,23.3440006524324,6.70552253723145e-07,6.70552253723145e-07
"sx8dgj79t2v",2732,2018-04-04 18:00:00,2018-08-16 15:00:00,133.875,42.6999997347593,23.3400001376867,6.70552253723145e-07,6.70552253723145e-07
"sx8dgktf5xk",3302,2018-03-26 15:00:00,2018-08-16 15:00:00,143,42.6960005611181,23.35399992764,6.70552253723145e-07,6.70552253723145e-07
"sx8dgkv0h3d",2347,2017-12-18 14:00:00,2018-03-26 15:00:00,98,42.6969996839762,23.3529994636774,6.70552253723145e-07,6.70552253723145e-07
"sx8dgmf5p0h",4561,2017-09-14 11:00:00,2018-03-26 14:00:00,193.125,42.7029997855425,23.3490002900362,6.70552253723145e-07,6.70552253723145e-07
"sx8dgq4by6t",3261,2018-03-26 15:00:00,2018-08-16 15:00:00,143,42.704000249505,23.3499994128942,6.70552253723145e-07,6.70552253723145e-07
"sx8dgqh2v49",3132,2018-03-28 11:00:00,2018-08-16 15:00:00,141.166666666667,42.704000249505,23.3520003408194,6.70552253723145e-07,6.70552253723145e-07
"sx8dgqjbgds",8021,2017-09-06 23:00:00,2018-08-16 15:00:00,343.666666666667,42.704000249505,23.35399992764,6.70552253723145e-07,6.70552253723145e-07
"sx8dgqkkmp3",3298,2018-03-27 02:00:00,2018-08-16 15:00:00,142.541666666667,42.7059998363256,23.3520003408194,6.70552253723145e-07,6.70552253723145e-07
"sx8dgs18b0h",4789,2017-09-07 00:00:00,2018-03-26 14:00:00,200.583333333333,42.693000510335,23.3589995652437,6.70552253723145e-07,6.70552253723145e-07
"sx8dgs4nx6q",11120,2017-09-06 23:00:00,2018-08-16 15:00:00,343.666666666667,42.693999633193,23.3600000292063,6.70552253723145e-07,6.70552253723145e-07
"sx8dgt61x2y",7766,2017-09-06 23:00:00,2018-08-16 15:00:00,343.666666666667,42.6999997347593,23.3600000292063,6.70552253723145e-07,6.70552253723145e-07
"sx8dgvdjpvb",4784,2017-09-06 23:00:00,2018-03-26 15:00:00,200.666666666667,42.7020006626844,23.3709997683764,6.70552253723145e-07,6.70552253723145e-07
"sx8dgvdvpjf",3169,2018-03-26 15:00:00,2018-08-16 15:00:00,143,42.7020006626844,23.3720002323389,6.70552253723145e-07,6.70552253723145e-07
"sx8dgvgen25",4798,2017-09-06 23:00:00,2018-03-26 14:00:00,200.625,42.7029997855425,23.372999355197,6.70552253723145e-07,6.70552253723145e-07
"sx8dgwg8nh1",3163,2018-04-02 23:00:00,2018-08-16 15:00:00,135.666666666667,42.7079994231462,23.3619996160269,6.70552253723145e-07,6.70552253723145e-07
"sx8dgx0gbc5",2939,2018-04-13 01:00:00,2018-08-16 15:00:00,125.583333333333,42.7100003510714,23.3580004423857,6.70552253723145e-07,6.70552253723145e-07
"sx8dgy6urp6",3299,2018-03-26 15:00:00,2018-08-16 15:00:00,143,42.7059998363256,23.3720002323389,6.70552253723145e-07,6.70552253723145e-07
"sx8dgydfr1f",3269,2017-11-10 01:00:00,2018-03-26 14:00:00,136.5,42.7070003002882,23.3720002323389,6.70552253723145e-07,6.70552253723145e-07
"sx8dgyh2vdt",3310,2018-03-26 15:00:00,2018-08-16 15:00:00,143,42.704000249505,23.3739998191595,6.70552253723145e-07,6.70552253723145e-07
"sx8dgyhzkf9",1962,2018-02-10 11:00:00,2018-05-29 21:00:00,108.375,42.7051160484552,23.3746489137411,6.70552253723145e-07,6.70552253723145e-07
"sx8dgyhzkg6",1350,2018-05-30 12:00:00,2018-08-16 15:00:00,78.125,42.7051200717688,23.3746502548456,6.70552253723145e-07,6.70552253723145e-07
"sx8dgz3x2mz",2491,2018-02-17 13:00:00,2018-08-10 12:00:00,173.916666666667,42.711999937892,23.3700006455183,6.70552253723145e-07,6.70552253723145e-07
"sx8dkpbf3qr",6323,2018-03-14 16:00:00,2018-08-16 15:00:00,154.916666666667,42.6260002702475,23.3799999207258,6.70552253723145e-07,6.70552253723145e-07
"sx8dkpcd2y3",3096,2017-12-15 13:00:00,2018-03-26 15:00:00,101.041666666667,42.6260002702475,23.3810003846884,6.70552253723145e-07,6.70552253723145e-07
"sx8dkpf62n6",6196,2018-03-26 16:00:00,2018-08-16 15:00:00,142.958333333333,42.6260002702475,23.3819995075464,6.70552253723145e-07,6.70552253723145e-07
"sx8dkpmnv33",3256,2018-03-26 15:00:00,2018-08-16 15:00:00,143,42.6239993423223,23.3860000222921,6.70552253723145e-07,6.70552253723145e-07
"sx8dkpsktgz",2237,2017-12-21 12:00:00,2018-03-26 14:00:00,95.0416666666667,42.6249998062849,23.3849995583296,6.70552253723145e-07,6.70552253723145e-07
"sx8ds00n45j",3227,2017-10-30 14:00:00,2018-03-26 14:00:00,146.958333333333,42.6279998570681,23.3789994567633,6.70552253723145e-07,6.70552253723145e-07
"sx8ds00y17p",3183,2018-03-26 15:00:00,2018-08-16 15:00:00,143,42.6279998570681,23.3799999207258,6.70552253723145e-07,6.70552253723145e-07
"sx8ds0d38pf",5092,2018-03-26 15:00:00,2018-08-16 15:00:00,143,42.6299994438887,23.3819995075464,6.70552253723145e-07,6.70552253723145e-07
"sx8ds0dr846",4021,2017-10-09 02:00:00,2018-03-26 14:00:00,168.5,42.6309999078512,23.3819995075464,6.70552253723145e-07,6.70552253723145e-07
"sx8ds0durps",263,2018-02-10 18:00:00,2018-05-18 02:00:00,96.2916666666667,42.6304701715708,23.3829892426729,6.70552253723145e-07,6.70552253723145e-07
"sx8ds0durpt",9,2018-08-05 23:00:00,2018-08-13 01:00:00,7.08333333333333,42.6304701715708,23.3829905837774,6.70552253723145e-07,6.70552253723145e-07
"sx8ds1b4d0v",17,2018-02-13 16:00:00,2018-02-14 08:00:00,0.666666666666667,42.6370000094175,23.3789994567633,6.70552253723145e-07,6.70552253723145e-07
"sx8ds42u12p",3166,2018-04-02 02:00:00,2018-08-16 15:00:00,136.541666666667,42.6400000602007,23.3799999207258,6.70552253723145e-07,6.70552253723145e-07
"sx8ds46k004",400,2018-03-26 16:00:00,2018-04-14 17:00:00,19.0416666666667,42.6400000602007,23.3819995075464,6.70552253723145e-07,6.70552253723145e-07
"sx8ds499bf9",113,2018-03-21 14:00:00,2018-03-26 14:00:00,4.95833333333333,42.6410005241632,23.3810003846884,6.70552253723145e-07,6.70552253723145e-07
"sx8ds4exwsy",3291,2018-03-26 15:00:00,2018-08-16 15:00:00,143,42.6419996470213,23.3840004354715,6.70552253723145e-07,6.70552253723145e-07
"sx8ds4gtqxq",3773,2017-10-19 16:00:00,2018-03-26 14:00:00,157.916666666667,42.6430001109838,23.3840004354715,6.70552253723145e-07,6.70552253723145e-07
"sx8ds56qbnd",2492,2018-03-26 15:00:00,2018-08-16 15:00:00,143,42.646000161767,23.3819995075464,6.70552253723145e-07,6.70552253723145e-07
"sx8ds56yzqs",1235,2018-02-01 19:00:00,2018-03-26 15:00:00,52.7916666666667,42.646000161767,23.382999971509,6.70552253723145e-07,6.70552253723145e-07
"sx8dsh006jv",1980,2018-01-03 00:00:00,2018-03-26 15:00:00,82.5833333333333,42.6490002125502,23.3789994567633,6.70552253723145e-07,6.70552253723145e-07
"sx8dsh0y32p",2309,2018-03-26 15:00:00,2018-08-16 15:00:00,143,42.6499993354082,23.3799999207258,6.70552253723145e-07,6.70552253723145e-07
"sx8dsh8ccmp",6996,2017-10-03 20:00:00,2018-08-16 11:00:00,316.625,42.6520002633333,23.3799999207258,6.70552253723145e-07,6.70552253723145e-07
"sx8dshh2mvz",3105,2017-11-16 18:00:00,2018-03-26 14:00:00,129.791666666667,42.6490002125502,23.3849995583296,6.70552253723145e-07,6.70552253723145e-07
"sx8dshjnm21",3311,2018-03-26 15:00:00,2018-08-16 15:00:00,143,42.6499993354082,23.3860000222921,6.70552253723145e-07,6.70552253723145e-07
"sx8dsj4grkk",899,2018-02-17 02:00:00,2018-03-26 14:00:00,37.4583333333333,42.6550003141165,23.382999971509,6.70552253723145e-07,6.70552253723145e-07
"sx8dsj5njyg",4507,2018-02-09 00:00:00,2018-08-16 15:00:00,188.583333333333,42.6554857939482,23.383277580142,6.70552253723145e-07,6.70552253723145e-07
"sx8dsj79nww",3183,2018-03-26 15:00:00,2018-08-16 15:00:00,143,42.6559994369745,23.3840004354715,6.70552253723145e-07,6.70552253723145e-07
"sx8dsj8hf5t",3156,2017-11-03 20:00:00,2018-03-26 15:00:00,142.75,42.6580003648996,23.3789994567633,6.70552253723145e-07,6.70552253723145e-07
"sx8dsj8uc7x",6281,2018-03-06 19:00:00,2018-08-16 15:00:00,162.791666666667,42.6580003648996,23.3799999207258,6.70552253723145e-07,6.70552253723145e-07
"sx8dsjq95ys",3180,2018-03-26 15:00:00,2018-08-16 15:00:00,143,42.6559994369745,23.3879996091127,6.70552253723145e-07,6.70552253723145e-07
"sx8dsjr35nw",639,2018-02-27 15:00:00,2018-03-26 14:00:00,26.9166666666667,42.6559994369745,23.3890000730753,6.70552253723145e-07,6.70552253723145e-07
"sx8dsk58rjb",581,2018-02-23 00:00:00,2018-03-26 14:00:00,31.5416666666667,42.6490002125502,23.3950001746416,6.70552253723145e-07,6.70552253723145e-07
"sx8dsk6k06t",4799,2017-09-06 23:00:00,2018-03-26 14:00:00,200.625,42.6509997993708,23.393000587821,6.70552253723145e-07,6.70552253723145e-07
"sx8dsk99cj5",2700,2018-03-26 15:00:00,2018-07-23 09:00:00,118.75,42.6520002633333,23.3920001238585,6.70552253723145e-07,6.70552253723145e-07
"sx8dskhqq24",539,2018-03-26 15:00:00,2018-05-03 15:00:00,38,42.6499993354082,23.3960006386042,6.70552253723145e-07,6.70552253723145e-07
"sx8dsnct8u3",293,2018-03-14 10:00:00,2018-03-26 15:00:00,12.1666666666667,42.664999589324,23.3810003846884,6.70552253723145e-07,6.70552253723145e-07
"sx8dsp472nf",3311,2018-03-26 15:00:00,2018-08-16 15:00:00,143,42.6660000532866,23.3819995075464,6.70552253723145e-07,6.70552253723145e-07
"sx8dsqct9h7",4367,2017-09-06 23:00:00,2018-03-26 14:00:00,200.625,42.664999589324,23.3920001238585,6.70552253723145e-07,6.70552253723145e-07
"sx8dsr1e3ng",2697,2018-03-26 15:00:00,2018-08-16 15:00:00,143,42.6660000532866,23.3920001238585,6.70552253723145e-07,6.70552253723145e-07
"sx8dsreszn0",2106,2017-12-28 17:00:00,2018-03-26 14:00:00,87.8333333333333,42.6690001040697,23.3950001746416,6.70552253723145e-07,6.70552253723145e-07
"sx8dsrkrn7d",3306,2018-03-26 15:00:00,2018-08-16 15:00:00,143,42.6679996401072,23.3960006386042,6.70552253723145e-07,6.70552253723145e-07
"sx8du06whn6",961,2018-01-02 00:00:00,2018-02-11 00:00:00,40,42.6733358949423,23.3825144916773,6.70552253723145e-07,6.70552253723145e-07
"sx8dun2u3rr",7767,2017-09-06 23:00:00,2018-08-16 15:00:00,343.666666666667,42.7059998363256,23.3799999207258,6.70552253723145e-07,6.70552253723145e-07
"sx8dun58ydw",8107,2017-09-06 23:00:00,2018-08-16 15:00:00,343.666666666667,42.704000249505,23.3840004354715,6.70552253723145e-07,6.70552253723145e-07
"sx8e0bjbbmn",86,2018-03-23 01:00:00,2018-03-26 15:00:00,3.54166666666667,42.7149999886751,23.2439998537302,6.70552253723145e-07,6.70552253723145e-07
"sx8e10nw8pd",2542,2018-03-26 15:00:00,2018-08-16 15:00:00,143,42.7160004526377,23.2560000568628,6.70552253723145e-07,6.70552253723145e-07
"sx8e10qs81f",4784,2017-09-06 23:00:00,2018-03-26 15:00:00,200.666666666667,42.7169995754957,23.2560000568628,6.70552253723145e-07,6.70552253723145e-07
"sx8e11djk6b",1014,2018-07-02 18:00:00,2018-08-16 15:00:00,44.875,42.7240001410246,23.2499999552965,6.70552253723145e-07,6.70552253723145e-07
"sx8e11pgyet",152,2018-03-20 06:00:00,2018-03-26 14:00:00,6.29166666666667,42.7210000902414,23.2579996436834,6.70552253723145e-07,6.70552253723145e-07
"sx8e11rcwwj",3257,2018-03-26 15:00:00,2018-08-16 15:00:00,143,42.722000554204,23.2579996436834,6.70552253723145e-07,6.70552253723145e-07
"sx8e1458fze",4574,2018-02-01 13:00:00,2018-08-16 15:00:00,196.041666666667,42.7259997278452,23.2519995421171,6.70552253723145e-07,6.70552253723145e-07
"sx8e14qs8hd",4565,2018-02-01 13:00:00,2018-08-16 15:00:00,196.041666666667,42.7280006557703,23.2560000568628,6.70552253723145e-07,6.70552253723145e-07
"sx8e188dqk3",7917,2017-09-06 23:00:00,2018-08-16 15:00:00,343.666666666667,42.7180000394583,23.2699998468161,6.70552253723145e-07,6.70552253723145e-07
"sx8e1bpq8rd",1247,2018-06-22 22:00:00,2018-08-16 15:00:00,54.7083333333333,42.7160004526377,23.2899997383356,6.70552253723145e-07,6.70552253723145e-07
"sx8e1ef5hzu",3229,2018-03-26 15:00:00,2018-08-16 15:00:00,143,42.7360003441572,23.2719994336367,6.70552253723145e-07,6.70552253723145e-07
"sx8e1fmu9sx",2386,2018-05-06 00:00:00,2018-08-16 15:00:00,102.625,42.7280006557703,23.288000151515,6.70552253723145e-07,6.70552253723145e-07
"sx8e1gmz9dz",3185,2018-02-06 12:00:00,2018-08-14 02:00:00,188.541666666667,42.7339994162321,23.288000151515,6.70552253723145e-07,6.70552253723145e-07
"sx8e1s41hfh",3808,2017-10-18 01:00:00,2018-03-26 14:00:00,159.541666666667,42.7369994670153,23.2719994336367,6.70552253723145e-07,6.70552253723145e-07
"sx8e1s4nuus",6713,2017-09-06 23:00:00,2018-06-23 09:00:00,289.416666666667,42.7379999309778,23.2719994336367,6.70552253723145e-07,6.70552253723145e-07
"sx8e41sm76y",3008,2017-11-19 16:00:00,2018-03-26 14:00:00,126.875,42.7240001410246,23.2970003038645,6.70552253723145e-07,6.70552253723145e-07
"sx8e41tj6dz",3060,2018-03-26 15:00:00,2018-08-16 15:00:00,143,42.7240001410246,23.2979994267225,6.70552253723145e-07,6.70552253723145e-07
"sx8e43etk6y",1579,2018-01-03 17:00:00,2018-03-26 15:00:00,81.875,42.7240001410246,23.306999579072,6.70552253723145e-07,6.70552253723145e-07
"sx8e43fgjjm",2406,2017-11-10 01:00:00,2018-02-25 10:00:00,107.375,42.7250006049871,23.306000456214,6.70552253723145e-07,6.70552253723145e-07
"sx8e43sm7fb",2959,2018-03-26 16:00:00,2018-08-16 15:00:00,142.958333333333,42.7240001410246,23.3080000430346,6.70552253723145e-07,6.70552253723145e-07
"sx8e4440vx9",7486,2017-09-25 02:00:00,2018-08-16 15:00:00,325.541666666667,42.7259997278452,23.2940002530813,6.70552253723145e-07,6.70552253723145e-07
"sx8e447sshs",2400,2018-03-26 15:00:00,2018-08-16 15:00:00,143,42.7280006557703,23.2959998399019,6.70552253723145e-07,6.70552253723145e-07
"sx8e44s67qy",3047,2017-11-06 23:00:00,2018-03-26 14:00:00,139.583333333333,42.7289997786283,23.2970003038645,6.70552253723145e-07,6.70552253723145e-07
"sx8e4533y0x",1998,2017-09-06 23:00:00,2018-01-13 17:00:00,128.791666666667,42.7330002933741,23.2929997891188,6.70552253723145e-07,6.70552253723145e-07
"sx8e45ntpzu",912,2018-01-02 00:00:00,2018-02-08 23:00:00,37.9583333333333,42.7322237938643,23.3002806454897,6.70552253723145e-07,6.70552253723145e-07
"sx8e45u75ry",1430,2018-01-06 10:00:00,2018-03-26 14:00:00,79.125,42.7360003441572,23.2970003038645,6.70552253723145e-07,6.70552253723145e-07
"sx8e45v54xz",2866,2018-03-26 15:00:00,2018-08-16 15:00:00,143,42.7360003441572,23.2979994267225,6.70552253723145e-07,6.70552253723145e-07
"sx8e464bvpt",123,2018-07-10 23:00:00,2018-07-16 09:00:00,5.41666666666667,42.7259997278452,23.306000456214,6.70552253723145e-07,6.70552253723145e-07
"sx8e477xs6y",3341,2017-10-29 23:00:00,2018-03-23 19:00:00,144.833333333333,42.7339994162321,23.306999579072,6.70552253723145e-07,6.70552253723145e-07
"sx8e47krefb",3148,2018-03-26 21:00:00,2018-08-15 10:00:00,141.541666666667,42.7339994162321,23.3080000430346,6.70552253723145e-07,6.70552253723145e-07
"sx8e47necwj",286,2018-03-14 16:00:00,2018-03-26 14:00:00,11.875,42.7319998294115,23.3110000938177,6.70552253723145e-07,6.70552253723145e-07
"sx8e47ns6gv",4507,2018-02-09 00:00:00,2018-08-16 15:00:00,188.583333333333,42.7320735901594,23.311053737998,6.70552253723145e-07,6.70552253723145e-07
"sx8e47p7byp",3290,2018-03-26 15:00:00,2018-08-16 15:00:00,143,42.7319998294115,23.3120005577803,6.70552253723145e-07,6.70552253723145e-07
"sx8e4h0wyuw",729,2018-03-26 15:00:00,2018-05-06 04:00:00,40.5416666666667,42.7379999309778,23.2920006662607,6.70552253723145e-07,6.70552253723145e-07
"sx8e4h1qyhx",3722,2017-09-06 23:00:00,2018-03-26 14:00:00,200.625,42.7379999309778,23.2929997891188,6.70552253723145e-07,6.70552253723145e-07
"sx8e50by01n",3295,2018-03-26 15:00:00,2018-08-16 15:00:00,143,42.7199996262789,23.335999622941,6.70552253723145e-07,6.70552253723145e-07
"sx8e510gb5w",4778,2017-09-06 23:00:00,2018-03-26 14:00:00,200.625,42.7210000902414,23.335999622941,6.70552253723145e-07,6.70552253723145e-07
"sx8e5302v8f",834,2018-05-30 12:00:00,2018-08-16 15:00:00,78.125,42.720470353961,23.3465299755335,6.70552253723145e-07,6.70552253723145e-07
"sx8e5302v8n",2413,2018-02-10 11:00:00,2018-05-29 22:00:00,108.416666666667,42.7204663306475,23.3465353399515,6.70552253723145e-07,6.70552253723145e-07
"sx8e54h2uxx",3987,2017-10-10 10:00:00,2018-03-26 14:00:00,167.166666666667,42.7259997278452,23.3410006016493,6.70552253723145e-07,6.70552253723145e-07
"sx8e54j0up8",3189,2018-03-26 15:00:00,2018-08-16 15:00:00,143,42.7259997278452,23.3419997245073,6.70552253723145e-07,6.70552253723145e-07
